pib_gestures.core - INFO - 2026-06-24 10:44:38,019 - started, calculating center vector
pib_gestures.core - INFO - 2026-06-24 10:44:38,019 - center vector calculation finished, calculating head vector
pib_gestures.core - INFO - 2026-06-24 10:44:38,020 - head vector calculation finished, calculating joint angles
pib_gestures.core - INFO - 2026-06-24 10:44:38,020 - Confirmed head angles are within limits, adjusting joint rotation directions
pib_gestures.core - INFO - 2026-06-24 10:44:38,020 - adjusting joint rotation directions complete, setting up pib
pib_gestures.core - INFO - 2026-06-24 10:44:38,020 - setting up pib complete, moving joints
pib_gestures.core - INFO - 2026-06-24 10:44:41,023 - finished


pib_gestures.core - INFO - 2026-06-24 10:45:34,509 - started, calculating center vector
pib_gestures.core - INFO - 2026-06-24 10:45:34,509 - center vector calculation finished, calculating head vector
pib_gestures.core - INFO - 2026-06-24 10:45:34,510 - head vector calculation finished, calculating joint angles
pib_gestures.core - INFO - 2026-06-24 10:45:34,510 - Confirmed head angles are within limits, adjusting joint rotation directions
pib_gestures.core - INFO - 2026-06-24 10:45:34,510 - adjusting joint rotation directions complete, setting up pib
pib_gestures.core - INFO - 2026-06-24 10:45:34,510 - setting up pib complete, moving joints
pib_gestures.core - INFO - 2026-06-24 10:45:37,513 - finished


pib_gestures.core - INFO - 2026-06-24 10:46:10,983 - started, calculating center vector
pib_gestures.core - INFO - 2026-06-24 10:46:10,984 - center vector calculation finished, calculating head vector
pib_gestures.core - INFO - 2026-06-24 10:46:10,984 - head vector calculation finished, calculating joint angles
pib_gestures.core - INFO - 2026-06-24 10:46:10,984 - Confirmed head angles are within limits, adjusting joint rotation directions
pib_gestures.core - INFO - 2026-06-24 10:46:10,984 - adjusting joint rotation directions complete, setting up pib
pib_gestures.core - INFO - 2026-06-24 10:46:10,984 - setting up pib complete, moving joints
pib_gestures.core - INFO - 2026-06-24 10:46:13,987 - finished


pib_gestures.core - INFO - 2026-06-24 10:46:21,135 - started, calculating center vector
pib_gestures.core - INFO - 2026-06-24 10:46:21,135 - center vector calculation finished, calculating head vector
pib_gestures.core - INFO - 2026-06-24 10:46:21,136 - head vector calculation finished, calculating joint angles
pib_gestures.core - INFO - 2026-06-24 10:46:21,136 - Confirmed head angles are within limits, adjusting joint rotation directions
pib_gestures.core - INFO - 2026-06-24 10:46:21,136 - adjusting joint rotation directions complete, setting up pib
pib_gestures.core - INFO - 2026-06-24 10:46:21,136 - setting up pib complete, moving joints
pib_gestures.core - INFO - 2026-06-24 10:46:24,139 - finished


pib_gestures.core - INFO - 2026-06-24 10:47:33,372 - started, calculating center vector
pib_gestures.core - INFO - 2026-06-24 10:47:33,373 - center vector calculation finished, calculating head vector
pib_gestures.core - INFO - 2026-06-24 10:47:33,373 - head vector calculation finished, calculating joint angles
pib_gestures.core - INFO - 2026-06-24 10:47:33,373 - Confirmed head angles are within limits, adjusting joint rotation directions
pib_gestures.core - INFO - 2026-06-24 10:47:33,373 - adjusting joint rotation directions complete, setting up pib
pib_gestures.core - INFO - 2026-06-24 10:47:33,373 - setting up pib complete, moving joints
pib_gestures.core - INFO - 2026-06-24 10:47:36,375 - finished


pib_gestures.core - INFO - 2026-06-24 11:23:46,335 - started, calculating center vector
pib_gestures.core - INFO - 2026-06-24 11:23:46,338 - center vector calculation finished, running gesture choosing logic
pib_gestures.core - INFO - 2026-06-24 11:23:46,338 - gesture set, calculating arm vector
pib_gestures.core - INFO - 2026-06-24 11:23:46,339 - arm vector calculation finished, calculating joint angles
pib_gestures.core - INFO - 2026-06-24 11:23:46,339 - joint angle calculation finished, checking joint angle and distance limits
pib_gestures.core - INFO - 2026-06-24 11:23:46,340 - confirmed arm angles are within limits, adjusting joint rotation directions
pib_gestures.core - INFO - 2026-06-24 11:23:46,340 - adjusting joint rotation directions complete, moving joints
pib_gestures.core - INFO - 2026-06-24 11:23:46,340 - started, calculating center vector
pib_gestures.core - INFO - 2026-06-24 11:23:46,340 - center vector calculation finished, calculating head vector
pib_gestures.core - INFO - 2026-06-24 11:23:46,341 - head vector calculation finished, calculating joint angles
pib_gestures.core - INFO - 2026-06-24 11:23:46,341 - Confirmed head angles are within limits, adjusting joint rotation directions
pib_gestures.core - INFO - 2026-06-24 11:23:46,341 - adjusting joint rotation directions complete, setting up pib
pib_gestures.core - INFO - 2026-06-24 11:23:46,341 - setting up pib complete, moving joints
pib_gestures.core - INFO - 2026-06-24 11:23:49,341 - finished


pib_gestures.core - INFO - 2026-06-24 11:23:49,341 - publishing joint angles
pib_gestures.core - INFO - 2026-06-24 11:23:51,342 - started, calculating center vector
pib_gestures.core - INFO - 2026-06-24 11:23:51,342 - center vector calculation finished, calculating head vector
pib_gestures.core - INFO - 2026-06-24 11:23:51,342 - head vector calculation finished, calculating joint angles
pib_gestures.core - INFO - 2026-06-24 11:23:51,343 - Confirmed head angles are within limits, adjusting joint rotation directions
pib_gestures.core - INFO - 2026-06-24 11:23:51,343 - adjusting joint rotation directions complete, setting up pib
pib_gestures.core - INFO - 2026-06-24 11:23:51,343 - setting up pib complete, moving joints
pib_gestures.core - INFO - 2026-06-24 11:23:54,343 - finished


pib_gestures.core - INFO - 2026-06-24 11:23:54,343 - finished


pib_gestures.core - INFO - 2026-06-24 19:32:19,137 - started, calculating center vector
pib_gestures.core - INFO - 2026-06-24 19:32:19,139 - center vector calculation finished, running gesture choosing logic
pib_gestures.core - INFO - 2026-06-24 19:32:19,139 - gesture set, calculating arm vector
pib_gestures.core - INFO - 2026-06-24 19:32:19,140 - arm vector calculation finished, calculating joint angles
pib_gestures.core - INFO - 2026-06-24 19:32:19,140 - joint angle calculation finished, checking joint angle and distance limits
pib_gestures.core - INFO - 2026-06-24 19:32:19,141 - confirmed arm angles are within limits, adjusting joint rotation directions
pib_gestures.core - INFO - 2026-06-24 19:32:19,141 - adjusting joint rotation directions complete, moving joints
pib_gestures.core - INFO - 2026-06-24 19:32:19,141 - started, calculating center vector
pib_gestures.core - INFO - 2026-06-24 19:32:19,141 - center vector calculation finished, calculating head vector
pib_gestures.core - INFO - 2026-06-24 19:32:19,141 - head vector calculation finished, calculating joint angles
pib_gestures.core - INFO - 2026-06-24 19:32:19,142 - Confirmed head angles are within limits, adjusting joint rotation directions
pib_gestures.core - INFO - 2026-06-24 19:32:19,142 - adjusting joint rotation directions complete, setting up pib
pib_gestures.core - INFO - 2026-06-24 19:32:19,142 - setting up pib complete, moving joints
pib_gestures.core - INFO - 2026-06-24 19:32:22,142 - finished


pib_gestures.core - INFO - 2026-06-24 19:32:22,142 - publishing joint angles
pib_gestures.core - INFO - 2026-06-24 19:32:24,142 - started, calculating center vector
pib_gestures.core - INFO - 2026-06-24 19:32:24,143 - center vector calculation finished, calculating head vector
pib_gestures.core - INFO - 2026-06-24 19:32:24,143 - head vector calculation finished, calculating joint angles
pib_gestures.core - INFO - 2026-06-24 19:32:24,143 - Confirmed head angles are within limits, adjusting joint rotation directions
pib_gestures.core - INFO - 2026-06-24 19:32:24,143 - adjusting joint rotation directions complete, setting up pib
pib_gestures.core - INFO - 2026-06-24 19:32:24,143 - setting up pib complete, moving joints
pib_gestures.core - INFO - 2026-06-24 19:32:27,143 - finished


pib_gestures.core - INFO - 2026-06-24 19:32:27,143 - finished


pib_gestures.core - INFO - 2026-06-24 19:37:10,862 - started, calculating center vector
pib_gestures.core - INFO - 2026-06-24 19:37:10,864 - center vector calculation finished, running gesture choosing logic
pib_gestures.core - INFO - 2026-06-24 19:37:10,864 - gesture set, calculating arm vector
pib_gestures.core - INFO - 2026-06-24 19:37:10,866 - arm vector calculation finished, calculating joint angles
pib_gestures.core - INFO - 2026-06-24 19:37:10,867 - joint angle calculation finished, checking joint angle and distance limits
pib_gestures.core - INFO - 2026-06-24 19:37:10,867 - confirmed arm angles are within limits, adjusting joint rotation directions
pib_gestures.core - INFO - 2026-06-24 19:37:10,868 - adjusting joint rotation directions complete, moving joints
pib_gestures.core - INFO - 2026-06-24 19:37:10,868 - started, calculating center vector
pib_gestures.core - INFO - 2026-06-24 19:37:10,869 - center vector calculation finished, calculating head vector
pib_gestures.core - INFO - 2026-06-24 19:37:10,870 - head vector calculation finished, calculating joint angles
pib_gestures.core - INFO - 2026-06-24 19:37:10,870 - Confirmed head angles are within limits, adjusting joint rotation directions
pib_gestures.core - INFO - 2026-06-24 19:37:10,870 - adjusting joint rotation directions complete, setting up pib
pib_gestures.core - INFO - 2026-06-24 19:37:10,870 - setting up pib complete, moving joints
pib_gestures.core - INFO - 2026-06-24 19:37:13,871 - finished


pib_gestures.core - INFO - 2026-06-24 19:37:13,871 - publishing joint angles
pib_gestures.core - INFO - 2026-06-24 19:37:15,871 - started, calculating center vector
pib_gestures.core - INFO - 2026-06-24 19:37:15,873 - center vector calculation finished, calculating head vector
pib_gestures.core - INFO - 2026-06-24 19:37:15,874 - head vector calculation finished, calculating joint angles
pib_gestures.core - INFO - 2026-06-24 19:37:15,874 - Confirmed head angles are within limits, adjusting joint rotation directions
pib_gestures.core - INFO - 2026-06-24 19:37:15,874 - adjusting joint rotation directions complete, setting up pib
pib_gestures.core - INFO - 2026-06-24 19:37:15,875 - setting up pib complete, moving joints
pib_gestures.core - INFO - 2026-06-24 19:37:18,875 - finished


pib_gestures.core - INFO - 2026-06-24 19:37:18,875 - finished


pib_gestures.core - INFO - 2026-06-24 20:16:41,260 - started, calculating center vector
pib_gestures.core - INFO - 2026-06-24 20:16:41,261 - center vector calculation finished, running gesture choosing logic
pib_gestures.core - INFO - 2026-06-24 20:16:41,261 - gesture set, calculating arm vector
pib_gestures.core - INFO - 2026-06-24 20:16:41,261 - arm vector calculation finished, calculating joint angles
pib_gestures.core - INFO - 2026-06-24 20:16:41,261 - joint angle calculation finished, checking joint angle and distance limits
pib_gestures.core - INFO - 2026-06-24 20:16:41,262 - confirmed arm angles are within limits, adjusting joint rotation directions
pib_gestures.core - INFO - 2026-06-24 20:16:41,262 - adjusting joint rotation directions complete, moving joints
pib_gestures.core - INFO - 2026-06-24 20:16:41,262 - started, calculating center vector
pib_gestures.core - INFO - 2026-06-24 20:16:41,262 - center vector calculation finished, calculating head vector
pib_gestures.core - INFO - 2026-06-24 20:16:41,262 - head vector calculation finished, calculating joint angles
pib_gestures.core - INFO - 2026-06-24 20:16:41,263 - Confirmed head angles are within limits, adjusting joint rotation directions
pib_gestures.core - INFO - 2026-06-24 20:16:41,263 - adjusting joint rotation directions complete, setting up pib
pib_gestures.core - INFO - 2026-06-24 20:16:41,263 - setting up pib complete, moving joints
pib_gestures.core - INFO - 2026-06-24 20:16:44,263 - finished


pib_gestures.core - INFO - 2026-06-24 20:16:44,263 - publishing joint angles
pib_gestures.core - INFO - 2026-06-24 20:16:47,264 - gesture executed
pib_gestures.core - INFO - 2026-06-24 20:16:47,265 - started, calculating center vector
pib_gestures.core - INFO - 2026-06-24 20:16:47,266 - center vector calculation finished, calculating head vector
pib_gestures.core - INFO - 2026-06-24 20:16:47,267 - head vector calculation finished, calculating joint angles
pib_gestures.core - INFO - 2026-06-24 20:16:47,268 - Confirmed head angles are within limits, adjusting joint rotation directions
pib_gestures.core - INFO - 2026-06-24 20:16:47,268 - adjusting joint rotation directions complete, setting up pib
pib_gestures.core - INFO - 2026-06-24 20:16:47,268 - setting up pib complete, moving joints
pib_gestures.core - INFO - 2026-06-24 20:16:50,268 - finished


pib_gestures.core - INFO - 2026-06-24 20:16:50,269 - finished


pib_gestures.core - INFO - 2026-06-24 20:21:24,953 - started, calculating center vector
pib_gestures.core - INFO - 2026-06-24 20:21:24,954 - center vector calculation finished, running gesture choosing logic
pib_gestures.core - INFO - 2026-06-24 20:21:24,954 - gesture set, calculating arm vector
pib_gestures.core - INFO - 2026-06-24 20:21:24,954 - arm vector calculation finished, calculating joint angles
pib_gestures.core - INFO - 2026-06-24 20:21:24,954 - joint angle calculation finished, checking joint angle and distance limits
pib_gestures.core - INFO - 2026-06-24 20:21:24,954 - confirmed arm angles are within limits, adjusting joint rotation directions
pib_gestures.core - INFO - 2026-06-24 20:21:24,954 - adjusting joint rotation directions complete, moving joints
pib_gestures.core - INFO - 2026-06-24 20:21:24,954 - started, calculating center vector
pib_gestures.core - INFO - 2026-06-24 20:21:24,955 - center vector calculation finished, calculating head vector
pib_gestures.core - INFO - 2026-06-24 20:21:24,955 - head vector calculation finished, calculating joint angles
pib_gestures.core - INFO - 2026-06-24 20:21:24,955 - Confirmed head angles are within limits, adjusting joint rotation directions
pib_gestures.core - INFO - 2026-06-24 20:21:24,955 - adjusting joint rotation directions complete, setting up pib
pib_gestures.core - INFO - 2026-06-24 20:21:24,955 - setting up pib complete, moving joints
pib_gestures.core - INFO - 2026-06-24 20:21:27,956 - finished


pib_gestures.core - INFO - 2026-06-24 20:21:27,956 - publishing joint angles
pib_gestures.core - INFO - 2026-06-24 20:21:30,957 - gesture executed
pib_gestures.core - INFO - 2026-06-24 20:21:30,958 - started, calculating center vector
pib_gestures.core - INFO - 2026-06-24 20:21:30,959 - center vector calculation finished, calculating head vector
pib_gestures.core - INFO - 2026-06-24 20:21:30,960 - head vector calculation finished, calculating joint angles
pib_gestures.core - INFO - 2026-06-24 20:21:30,960 - Confirmed head angles are within limits, adjusting joint rotation directions
pib_gestures.core - INFO - 2026-06-24 20:21:30,960 - adjusting joint rotation directions complete, setting up pib
pib_gestures.core - INFO - 2026-06-24 20:21:30,961 - setting up pib complete, moving joints
pib_gestures.core - INFO - 2026-06-24 20:21:33,961 - finished


pib_gestures.core - INFO - 2026-06-24 20:21:33,961 - finished


pib_gestures.core - INFO - 2026-06-24 20:25:04,343 - started, calculating center vector
pib_gestures.core - INFO - 2026-06-24 20:25:04,345 - center vector calculation finished, running gesture choosing logic
pib_gestures.core - INFO - 2026-06-24 20:25:04,345 - gesture set, calculating arm vector
pib_gestures.core - INFO - 2026-06-24 20:25:04,346 - arm vector calculation finished, calculating joint angles
pib_gestures.core - INFO - 2026-06-24 20:25:04,346 - joint angle calculation finished, checking joint angle and distance limits
pib_gestures.core - INFO - 2026-06-24 20:25:04,347 - confirmed arm angles are within limits, adjusting joint rotation directions
pib_gestures.core - INFO - 2026-06-24 20:25:04,347 - adjusting joint rotation directions complete, moving joints
pib_gestures.core - INFO - 2026-06-24 20:25:04,347 - started, calculating center vector
pib_gestures.core - INFO - 2026-06-24 20:25:04,347 - center vector calculation finished, calculating head vector
pib_gestures.core - INFO - 2026-06-24 20:25:04,348 - head vector calculation finished, calculating joint angles
pib_gestures.core - INFO - 2026-06-24 20:25:04,348 - Confirmed head angles are within limits, adjusting joint rotation directions
pib_gestures.core - INFO - 2026-06-24 20:25:04,348 - adjusting joint rotation directions complete, setting up pib
pib_gestures.core - INFO - 2026-06-24 20:25:04,348 - setting up pib complete, moving joints
pib_gestures.core - INFO - 2026-06-24 20:25:07,349 - finished


pib_gestures.core - INFO - 2026-06-24 20:25:07,349 - publishing joint angles
pib_gestures.core - INFO - 2026-06-24 20:25:10,351 - gesture executed
pib_gestures.core - INFO - 2026-06-24 20:25:10,352 - started, calculating center vector
pib_gestures.core - INFO - 2026-06-24 20:25:10,353 - center vector calculation finished, calculating head vector
pib_gestures.core - INFO - 2026-06-24 20:25:10,354 - head vector calculation finished, calculating joint angles
pib_gestures.core - INFO - 2026-06-24 20:25:10,354 - Confirmed head angles are within limits, adjusting joint rotation directions
pib_gestures.core - INFO - 2026-06-24 20:25:10,355 - adjusting joint rotation directions complete, setting up pib
pib_gestures.core - INFO - 2026-06-24 20:25:10,355 - setting up pib complete, moving joints
pib_gestures.core - INFO - 2026-06-24 20:25:13,355 - finished


pib_gestures.core - INFO - 2026-06-24 20:25:13,356 - finished


pib_gestures.core - INFO - 2026-06-24 20:28:50,249 - started, calculating center vector
pib_gestures.core - INFO - 2026-06-24 20:28:50,251 - center vector calculation finished, running gesture choosing logic
pib_gestures.core - INFO - 2026-06-24 20:28:50,251 - gesture set, calculating arm vector
pib_gestures.core - INFO - 2026-06-24 20:28:50,252 - arm vector calculation finished, calculating joint angles
pib_gestures.core - INFO - 2026-06-24 20:28:50,253 - joint angle calculation finished, checking joint angle and distance limits
pib_gestures.core - INFO - 2026-06-24 20:28:50,254 - confirmed arm angles are within limits, adjusting joint rotation directions
pib_gestures.core - INFO - 2026-06-24 20:28:50,254 - adjusting joint rotation directions complete, moving joints
pib_gestures.core - INFO - 2026-06-24 20:28:50,254 - started, calculating center vector
pib_gestures.core - INFO - 2026-06-24 20:28:50,255 - center vector calculation finished, calculating head vector
pib_gestures.core - INFO - 2026-06-24 20:28:50,256 - head vector calculation finished, calculating joint angles
pib_gestures.core - INFO - 2026-06-24 20:28:50,256 - Confirmed head angles are within limits, adjusting joint rotation directions
pib_gestures.core - INFO - 2026-06-24 20:28:50,257 - adjusting joint rotation directions complete, setting up pib
pib_gestures.core - INFO - 2026-06-24 20:28:50,257 - setting up pib complete, moving joints
pib_gestures.core - INFO - 2026-06-24 20:28:53,257 - finished


pib_gestures.core - INFO - 2026-06-24 20:28:53,258 - publishing joint angles
pib_gestures.core - INFO - 2026-06-24 20:28:56,260 - gesture executed
pib_gestures.core - INFO - 2026-06-24 20:28:56,261 - started, calculating center vector
pib_gestures.core - INFO - 2026-06-24 20:28:56,262 - center vector calculation finished, calculating head vector
pib_gestures.core - INFO - 2026-06-24 20:28:56,263 - head vector calculation finished, calculating joint angles
pib_gestures.core - INFO - 2026-06-24 20:28:56,264 - Confirmed head angles are within limits, adjusting joint rotation directions
pib_gestures.core - INFO - 2026-06-24 20:28:56,264 - adjusting joint rotation directions complete, setting up pib
pib_gestures.core - INFO - 2026-06-24 20:28:56,264 - setting up pib complete, moving joints
pib_gestures.core - INFO - 2026-06-24 20:28:59,264 - finished


pib_gestures.core - INFO - 2026-06-24 20:28:59,265 - finished


pib_gestures.core - INFO - 2026-06-24 20:29:24,134 - started, calculating center vector
pib_gestures.core - INFO - 2026-06-24 20:29:24,136 - center vector calculation finished, running gesture choosing logic
pib_gestures.core - INFO - 2026-06-24 20:29:24,136 - gesture set, calculating arm vector
pib_gestures.core - INFO - 2026-06-24 20:29:24,137 - arm vector calculation finished, calculating joint angles
pib_gestures.core - INFO - 2026-06-24 20:29:24,138 - joint angle calculation finished, checking joint angle and distance limits
pib_gestures.core - INFO - 2026-06-24 20:29:24,139 - confirmed arm angles are within limits, adjusting joint rotation directions
pib_gestures.core - INFO - 2026-06-24 20:29:24,139 - adjusting joint rotation directions complete, moving joints
pib_gestures.core - INFO - 2026-06-24 20:29:24,139 - started, calculating center vector
pib_gestures.core - INFO - 2026-06-24 20:29:24,140 - center vector calculation finished, calculating head vector
pib_gestures.core - INFO - 2026-06-24 20:29:24,141 - head vector calculation finished, calculating joint angles
pib_gestures.core - INFO - 2026-06-24 20:29:24,141 - Confirmed head angles are within limits, adjusting joint rotation directions
pib_gestures.core - INFO - 2026-06-24 20:29:24,142 - adjusting joint rotation directions complete, setting up pib
pib_gestures.core - INFO - 2026-06-24 20:29:24,142 - setting up pib complete, moving joints
pib_gestures.core - INFO - 2026-06-24 20:29:27,142 - finished


pib_gestures.core - INFO - 2026-06-24 20:29:27,143 - publishing joint angles
pib_gestures.core - INFO - 2026-06-24 20:29:30,145 - gesture executed
pib_gestures.core - INFO - 2026-06-24 20:29:30,145 - started, calculating center vector
pib_gestures.core - INFO - 2026-06-24 20:29:30,146 - center vector calculation finished, calculating head vector
pib_gestures.core - INFO - 2026-06-24 20:29:30,147 - head vector calculation finished, calculating joint angles
pib_gestures.core - INFO - 2026-06-24 20:29:30,148 - Confirmed head angles are within limits, adjusting joint rotation directions
pib_gestures.core - INFO - 2026-06-24 20:29:30,148 - adjusting joint rotation directions complete, setting up pib
pib_gestures.core - INFO - 2026-06-24 20:29:30,148 - setting up pib complete, moving joints
pib_gestures.core - INFO - 2026-06-24 20:29:33,149 - finished


pib_gestures.core - INFO - 2026-06-24 20:29:33,149 - finished


pib_gestures.core - INFO - 2026-06-24 20:30:00,791 - started, calculating center vector
pib_gestures.core - INFO - 2026-06-24 20:30:00,793 - center vector calculation finished, running gesture choosing logic
pib_gestures.core - INFO - 2026-06-24 20:30:00,793 - gesture set, calculating arm vector
pib_gestures.core - INFO - 2026-06-24 20:30:00,794 - arm vector calculation finished, calculating joint angles
pib_gestures.core - INFO - 2026-06-24 20:30:00,795 - joint angle calculation finished, checking joint angle and distance limits
pib_gestures.core - INFO - 2026-06-24 20:30:00,795 - confirmed arm angles are within limits, adjusting joint rotation directions
pib_gestures.core - INFO - 2026-06-24 20:30:00,795 - adjusting joint rotation directions complete, moving joints
pib_gestures.core - INFO - 2026-06-24 20:30:00,796 - started, calculating center vector
pib_gestures.core - INFO - 2026-06-24 20:30:00,797 - center vector calculation finished, calculating head vector
pib_gestures.core - INFO - 2026-06-24 20:30:00,798 - head vector calculation finished, calculating joint angles
pib_gestures.core - INFO - 2026-06-24 20:30:00,799 - Confirmed head angles are within limits, adjusting joint rotation directions
pib_gestures.core - INFO - 2026-06-24 20:30:00,799 - adjusting joint rotation directions complete, setting up pib
pib_gestures.core - INFO - 2026-06-24 20:30:00,799 - setting up pib complete, moving joints
pib_gestures.core - INFO - 2026-06-24 20:30:03,800 - finished


pib_gestures.core - INFO - 2026-06-24 20:30:03,800 - publishing joint angles
pib_gestures.core - INFO - 2026-06-24 20:30:06,802 - gesture executed
pib_gestures.core - INFO - 2026-06-24 20:30:06,802 - started, calculating center vector
pib_gestures.core - INFO - 2026-06-24 20:30:06,803 - center vector calculation finished, calculating head vector
pib_gestures.core - INFO - 2026-06-24 20:30:06,803 - head vector calculation finished, calculating joint angles
pib_gestures.core - INFO - 2026-06-24 20:30:06,803 - Confirmed head angles are within limits, adjusting joint rotation directions
pib_gestures.core - INFO - 2026-06-24 20:30:06,803 - adjusting joint rotation directions complete, setting up pib
pib_gestures.core - INFO - 2026-06-24 20:30:06,803 - setting up pib complete, moving joints
pib_gestures.core - INFO - 2026-06-24 20:30:09,804 - finished


pib_gestures.core - INFO - 2026-06-24 20:30:09,804 - finished


pib_gestures.core - INFO - 2026-06-24 20:45:02,302 - started, calculating center vector
pib_gestures.core - INFO - 2026-06-24 20:45:02,304 - center vector calculation finished, running gesture choosing logic
pib_gestures.core - INFO - 2026-06-24 20:45:02,304 - gesture set, calculating arm vector
pib_gestures.core - INFO - 2026-06-24 20:45:02,305 - arm vector calculation finished, calculating joint angles
pib_gestures.core - INFO - 2026-06-24 20:45:02,306 - joint angle calculation finished, checking joint angle and distance limits
pib_gestures.core - INFO - 2026-06-24 20:45:02,307 - confirmed arm angles are within limits, adjusting joint rotation directions
pib_gestures.core - INFO - 2026-06-24 20:45:02,307 - adjusting joint rotation directions complete, moving joints
pib_gestures.core - INFO - 2026-06-24 20:45:02,307 - started, calculating center vector
pib_gestures.core - INFO - 2026-06-24 20:45:02,309 - center vector calculation finished, calculating head vector
pib_gestures.core - INFO - 2026-06-24 20:45:02,309 - head vector calculation finished, calculating joint angles
pib_gestures.core - INFO - 2026-06-24 20:45:02,310 - Confirmed head angles are within limits, adjusting joint rotation directions
pib_gestures.core - INFO - 2026-06-24 20:45:02,310 - adjusting joint rotation directions complete, setting up pib
pib_gestures.core - INFO - 2026-06-24 20:45:02,310 - setting up pib complete, moving joints
pib_gestures.core - INFO - 2026-06-24 20:45:05,310 - finished


pib_gestures.core - INFO - 2026-06-24 20:45:05,311 - publishing joint angles
pib_gestures.core - INFO - 2026-06-24 20:45:08,312 - gesture executed
pib_gestures.core - INFO - 2026-06-24 20:45:08,312 - started, calculating center vector
pib_gestures.core - INFO - 2026-06-24 20:45:08,314 - center vector calculation finished, calculating head vector
pib_gestures.core - INFO - 2026-06-24 20:45:08,315 - head vector calculation finished, calculating joint angles
pib_gestures.core - INFO - 2026-06-24 20:45:08,316 - Confirmed head angles are within limits, adjusting joint rotation directions
pib_gestures.core - INFO - 2026-06-24 20:45:08,316 - adjusting joint rotation directions complete, setting up pib
pib_gestures.core - INFO - 2026-06-24 20:45:08,316 - setting up pib complete, moving joints
pib_gestures.core - INFO - 2026-06-24 20:45:11,316 - finished


pib_gestures.core - INFO - 2026-06-24 20:45:11,317 - finished


pib_gestures.core - INFO - 2026-06-29 02:10:27,824 - started, calculating center vector
pib_gestures.core - INFO - 2026-06-29 02:10:27,829 - center vector calculation finished, running gesture choosing logic
pib_gestures.core - INFO - 2026-06-29 02:10:27,829 - gesture set, calculating arm vector
pib_gestures.core - INFO - 2026-06-29 02:10:27,831 - arm vector calculation finished, calculating joint angles
pib_gestures.core - INFO - 2026-06-29 02:10:27,832 - joint angle calculation finished, checking joint angle and distance limits
pib_gestures.core - INFO - 2026-06-29 02:10:27,833 - confirmed arm angles are within limits, adjusting joint rotation directions
pib_gestures.core - INFO - 2026-06-29 02:10:27,833 - adjusting joint rotation directions complete, moving joints
pib_gestures.core - INFO - 2026-06-29 02:10:27,833 - started, calculating center vector
pib_gestures.core - INFO - 2026-06-29 02:10:27,835 - center vector calculation finished, calculating head vector
pib_gestures.core - INFO - 2026-06-29 02:10:27,836 - head vector calculation finished, calculating joint angles
pib_gestures.core - INFO - 2026-06-29 02:10:27,837 - Confirmed head angles are within limits, adjusting joint rotation directions
pib_gestures.core - INFO - 2026-06-29 02:10:27,837 - adjusting joint rotation directions complete, setting up pib
pib_gestures.core - INFO - 2026-06-29 02:10:27,837 - setting up pib complete, moving joints
pib_gestures.core - INFO - 2026-06-29 02:10:30,838 - finished


pib_gestures.core - INFO - 2026-06-29 02:10:30,838 - publishing joint angles
pib_gestures.core - INFO - 2026-06-29 02:10:33,839 - gesture executed
pib_gestures.core - INFO - 2026-06-29 02:10:33,839 - started, calculating center vector
pib_gestures.core - INFO - 2026-06-29 02:10:33,841 - center vector calculation finished, calculating head vector
pib_gestures.core - INFO - 2026-06-29 02:10:33,842 - head vector calculation finished, calculating joint angles
pib_gestures.core - INFO - 2026-06-29 02:10:33,842 - Confirmed head angles are within limits, adjusting joint rotation directions
pib_gestures.core - INFO - 2026-06-29 02:10:33,842 - adjusting joint rotation directions complete, setting up pib
pib_gestures.core - INFO - 2026-06-29 02:10:33,843 - setting up pib complete, moving joints
pib_gestures.core - INFO - 2026-06-29 02:10:36,843 - finished


pib_gestures.core - INFO - 2026-06-29 02:10:36,843 - finished


pib_gestures.core - INFO - 2026-06-29 02:10:49,106 - started, calculating center vector
pib_gestures.core - INFO - 2026-06-29 02:10:49,108 - center vector calculation finished, running gesture choosing logic
pib_gestures.core - INFO - 2026-06-29 02:10:49,108 - gesture set, calculating arm vector
pib_gestures.core - INFO - 2026-06-29 02:10:49,109 - arm vector calculation finished, calculating joint angles
pib_gestures.core - INFO - 2026-06-29 02:10:49,110 - joint angle calculation finished, checking joint angle and distance limits
pib_gestures.core - INFO - 2026-06-29 02:10:49,111 - confirmed arm angles are within limits, adjusting joint rotation directions
pib_gestures.core - INFO - 2026-06-29 02:10:49,111 - adjusting joint rotation directions complete, moving joints
pib_gestures.core - INFO - 2026-06-29 02:10:49,111 - started, calculating center vector
pib_gestures.core - INFO - 2026-06-29 02:10:49,112 - center vector calculation finished, calculating head vector
pib_gestures.core - INFO - 2026-06-29 02:10:49,113 - head vector calculation finished, calculating joint angles
pib_gestures.core - INFO - 2026-06-29 02:10:49,113 - Confirmed head angles are within limits, adjusting joint rotation directions
pib_gestures.core - INFO - 2026-06-29 02:10:49,114 - adjusting joint rotation directions complete, setting up pib
pib_gestures.core - INFO - 2026-06-29 02:10:49,114 - setting up pib complete, moving joints
pib_gestures.core - INFO - 2026-06-29 02:10:52,114 - finished


pib_gestures.core - INFO - 2026-06-29 02:10:52,114 - publishing joint angles
pib_gestures.core - INFO - 2026-06-29 02:10:55,116 - gesture executed
pib_gestures.core - INFO - 2026-06-29 02:10:55,117 - started, calculating center vector
pib_gestures.core - INFO - 2026-06-29 02:10:55,119 - center vector calculation finished, calculating head vector
pib_gestures.core - INFO - 2026-06-29 02:10:55,120 - head vector calculation finished, calculating joint angles
pib_gestures.core - INFO - 2026-06-29 02:10:55,121 - Confirmed head angles are within limits, adjusting joint rotation directions
pib_gestures.core - INFO - 2026-06-29 02:10:55,121 - adjusting joint rotation directions complete, setting up pib
pib_gestures.core - INFO - 2026-06-29 02:10:55,121 - setting up pib complete, moving joints
pib_gestures.core - INFO - 2026-06-29 02:10:58,121 - finished


pib_gestures.core - INFO - 2026-06-29 02:10:58,122 - finished


pib_gestures.core - INFO - 2026-06-30 15:22:52,445 - started, calculating center vector
pib_gestures.core - INFO - 2026-06-30 15:22:52,449 - center vector calculation finished, running gesture choosing logic
pib_gestures.core - INFO - 2026-06-30 15:22:52,449 - gesture set, calculating arm vector
pib_gestures.core - INFO - 2026-06-30 15:22:52,450 - arm vector calculation finished, calculating joint angles
pib_gestures.core - INFO - 2026-06-30 15:22:52,451 - joint angle calculation finished, checking joint angle and distance limits
pib_gestures.core - INFO - 2026-06-30 15:22:52,452 - confirmed arm angles are within limits, adjusting joint rotation directions
pib_gestures.core - INFO - 2026-06-30 15:22:52,453 - adjusting joint rotation directions complete, moving joints
pib_gestures.core - INFO - 2026-06-30 15:22:52,453 - started, calculating center vector
pib_gestures.core - INFO - 2026-06-30 15:22:52,454 - center vector calculation finished, calculating head vector
pib_gestures.core - INFO - 2026-06-30 15:22:52,455 - head vector calculation finished, calculating joint angles
pib_gestures.core - INFO - 2026-06-30 15:22:52,455 - Confirmed head angles are within limits, adjusting joint rotation directions
pib_gestures.core - INFO - 2026-06-30 15:22:52,456 - adjusting joint rotation directions complete, setting up pib
pib_gestures.core - INFO - 2026-06-30 15:22:52,456 - setting up pib complete, moving joints
pib_gestures.core - INFO - 2026-06-30 15:22:55,456 - finished


pib_gestures.core - INFO - 2026-06-30 15:22:55,456 - publishing joint angles
pib_gestures.core - INFO - 2026-06-30 15:22:58,458 - gesture executed
pib_gestures.core - INFO - 2026-06-30 15:22:58,459 - started, calculating center vector
pib_gestures.core - INFO - 2026-06-30 15:22:58,460 - center vector calculation finished, calculating head vector
pib_gestures.core - INFO - 2026-06-30 15:22:58,461 - head vector calculation finished, calculating joint angles
pib_gestures.core - INFO - 2026-06-30 15:22:58,461 - Confirmed head angles are within limits, adjusting joint rotation directions
pib_gestures.core - INFO - 2026-06-30 15:22:58,461 - adjusting joint rotation directions complete, setting up pib
pib_gestures.core - INFO - 2026-06-30 15:22:58,461 - setting up pib complete, moving joints
pib_gestures.core - INFO - 2026-06-30 15:23:01,462 - finished


pib_gestures.core - INFO - 2026-06-30 15:23:01,462 - finished


pib_gestures.core - INFO - 2026-06-30 16:00:30,972 - started, calculating center vector
pib_gestures.core - INFO - 2026-06-30 16:00:30,975 - center vector calculation finished, running gesture choosing logic
pib_gestures.core - INFO - 2026-06-30 16:00:30,975 - gesture set, calculating arm vector
pib_gestures.core - INFO - 2026-06-30 16:00:30,975 - arm vector calculation finished, calculating joint angles
pib_gestures.core - INFO - 2026-06-30 16:00:30,975 - joint angle calculation finished, checking joint angle and distance limits
pib_gestures.core - INFO - 2026-06-30 16:00:30,976 - confirmed arm angles are within limits, adjusting joint rotation directions
pib_gestures.core - INFO - 2026-06-30 16:00:30,976 - adjusting joint rotation directions complete, moving joints
pib_gestures.core - INFO - 2026-06-30 16:00:30,976 - started, calculating center vector
pib_gestures.core - INFO - 2026-06-30 16:00:30,976 - center vector calculation finished, calculating head vector
pib_gestures.core - INFO - 2026-06-30 16:00:30,976 - head vector calculation finished, calculating joint angles
pib_gestures.core - INFO - 2026-06-30 16:00:30,977 - Confirmed head angles are within limits, adjusting joint rotation directions
pib_gestures.core - INFO - 2026-06-30 16:00:30,977 - adjusting joint rotation directions complete, setting up pib
pib_gestures.core - INFO - 2026-06-30 16:00:30,977 - setting up pib complete, moving joints
pib_gestures.core - INFO - 2026-06-30 16:00:33,977 - finished


pib_gestures.core - INFO - 2026-06-30 16:00:33,977 - publishing joint angles
pib_gestures.core - INFO - 2026-06-30 16:00:36,978 - gesture executed
pib_gestures.core - INFO - 2026-06-30 16:00:36,979 - started, calculating center vector
pib_gestures.core - INFO - 2026-06-30 16:00:36,979 - center vector calculation finished, calculating head vector
pib_gestures.core - INFO - 2026-06-30 16:00:36,979 - head vector calculation finished, calculating joint angles
pib_gestures.core - INFO - 2026-06-30 16:00:36,979 - Confirmed head angles are within limits, adjusting joint rotation directions
pib_gestures.core - INFO - 2026-06-30 16:00:36,979 - adjusting joint rotation directions complete, setting up pib
pib_gestures.core - INFO - 2026-06-30 16:00:36,979 - setting up pib complete, moving joints
pib_gestures.core - INFO - 2026-06-30 16:00:39,980 - finished


pib_gestures.core - INFO - 2026-06-30 16:00:39,980 - finished


pib_gestures.core - INFO - 2026-06-30 16:14:36,056 - started, calculating center vector
pib_gestures.core - INFO - 2026-06-30 16:14:36,058 - center vector calculation finished, running gesture choosing logic
pib_gestures.core - INFO - 2026-06-30 16:14:36,058 - gesture set, calculating arm vector
pib_gestures.core - INFO - 2026-06-30 16:14:36,059 - arm vector calculation finished, calculating joint angles
pib_gestures.core - INFO - 2026-06-30 16:14:36,060 - joint angle calculation finished, checking joint angle and distance limits
pib_gestures.core - INFO - 2026-06-30 16:14:36,060 - confirmed arm angles are within limits, adjusting joint rotation directions
pib_gestures.core - INFO - 2026-06-30 16:14:36,061 - adjusting joint rotation directions complete, moving joints
pib_gestures.core - INFO - 2026-06-30 16:14:36,061 - started, calculating center vector
pib_gestures.core - INFO - 2026-06-30 16:14:36,062 - center vector calculation finished, calculating head vector
pib_gestures.core - INFO - 2026-06-30 16:14:36,063 - head vector calculation finished, calculating joint angles
pib_gestures.core - INFO - 2026-06-30 16:14:36,063 - Confirmed head angles are within limits, adjusting joint rotation directions
pib_gestures.core - INFO - 2026-06-30 16:14:36,064 - adjusting joint rotation directions complete, setting up pib
pib_gestures.core - INFO - 2026-06-30 16:14:36,064 - setting up pib complete, moving joints
pib_gestures.core - INFO - 2026-06-30 16:14:39,064 - finished


pib_gestures.core - INFO - 2026-06-30 16:14:39,065 - publishing joint angles
pib_gestures.core - INFO - 2026-06-30 16:14:42,067 - gesture executed
pib_gestures.core - INFO - 2026-06-30 16:14:42,067 - started, calculating center vector
pib_gestures.core - INFO - 2026-06-30 16:14:42,069 - center vector calculation finished, calculating head vector
pib_gestures.core - INFO - 2026-06-30 16:14:42,069 - head vector calculation finished, calculating joint angles
pib_gestures.core - INFO - 2026-06-30 16:14:42,070 - Confirmed head angles are within limits, adjusting joint rotation directions
pib_gestures.core - INFO - 2026-06-30 16:14:42,070 - adjusting joint rotation directions complete, setting up pib
pib_gestures.core - INFO - 2026-06-30 16:14:42,070 - setting up pib complete, moving joints
pib_gestures.core - INFO - 2026-06-30 16:14:45,071 - finished


pib_gestures.core - INFO - 2026-06-30 16:14:45,071 - finished


pib_gestures.core - INFO - 2026-06-30 17:27:53,022 - started, calculating center vector
pib_gestures.core - INFO - 2026-06-30 17:27:53,024 - center vector calculation finished, running gesture choosing logic
pib_gestures.core - INFO - 2026-06-30 17:27:53,024 - gesture set, calculating arm vector
pib_gestures.core - INFO - 2026-06-30 17:27:53,024 - arm vector calculation finished, calculating joint angles
pib_gestures.core - INFO - 2026-06-30 17:27:53,024 - joint angle calculation finished, checking joint angle and distance limits
pib_gestures.core - INFO - 2026-06-30 17:27:53,024 - confirmed arm angles are within limits, adjusting joint rotation directions
pib_gestures.core - INFO - 2026-06-30 17:27:53,024 - adjusting joint rotation directions complete, moving joints
pib_gestures.core - INFO - 2026-06-30 17:27:53,024 - started, calculating center vector
pib_gestures.core - INFO - 2026-06-30 17:27:53,025 - center vector calculation finished, calculating head vector
pib_gestures.core - INFO - 2026-06-30 17:27:53,025 - head vector calculation finished, calculating joint angles
pib_gestures.core - INFO - 2026-06-30 17:27:53,025 - Confirmed head angles are within limits, adjusting joint rotation directions
pib_gestures.core - INFO - 2026-06-30 17:27:53,025 - adjusting joint rotation directions complete, setting up pib
pib_gestures.core - INFO - 2026-06-30 17:27:53,025 - setting up pib complete, moving joints
pib_gestures.core - INFO - 2026-06-30 17:27:56,025 - finished


pib_gestures.core - INFO - 2026-06-30 17:27:56,026 - publishing joint angles
pib_gestures.core - INFO - 2026-06-30 17:27:59,027 - gesture executed
pib_gestures.core - INFO - 2026-06-30 17:27:59,028 - started, calculating center vector
pib_gestures.core - INFO - 2026-06-30 17:27:59,029 - center vector calculation finished, calculating head vector
pib_gestures.core - INFO - 2026-06-30 17:27:59,030 - head vector calculation finished, calculating joint angles
pib_gestures.core - INFO - 2026-06-30 17:27:59,030 - Confirmed head angles are within limits, adjusting joint rotation directions
pib_gestures.core - INFO - 2026-06-30 17:27:59,031 - adjusting joint rotation directions complete, setting up pib
pib_gestures.core - INFO - 2026-06-30 17:27:59,031 - setting up pib complete, moving joints
pib_gestures.core - INFO - 2026-06-30 17:28:02,031 - finished


pib_gestures.core - INFO - 2026-06-30 17:28:02,031 - finished


pib_gestures.core - INFO - 2026-06-30 18:22:54,665 - started, calculating center vector
pib_gestures.core - INFO - 2026-06-30 18:22:54,665 - center vector calculation finished, running gesture choosing logic
pib_gestures.core - INFO - 2026-06-30 18:22:54,665 - gesture set, calculating arm vector
pib_gestures.core - INFO - 2026-06-30 18:22:54,665 - arm vector calculation finished, calculating joint angles
pib_gestures.core - INFO - 2026-06-30 18:22:54,666 - joint angle calculation finished, checking joint angle and distance limits
pib_gestures.core - INFO - 2026-06-30 18:22:54,666 - confirmed arm angles are within limits, adjusting joint rotation directions
pib_gestures.core - INFO - 2026-06-30 18:22:54,666 - adjusting joint rotation directions complete, moving joints
pib_gestures.core - INFO - 2026-06-30 18:22:54,666 - started, calculating center vector
pib_gestures.core - INFO - 2026-06-30 18:22:54,666 - center vector calculation finished, calculating head vector
pib_gestures.core - INFO - 2026-06-30 18:22:54,666 - head vector calculation finished, calculating joint angles
pib_gestures.core - INFO - 2026-06-30 18:22:54,666 - Confirmed head angles are within limits, adjusting joint rotation directions
pib_gestures.core - INFO - 2026-06-30 18:22:54,666 - adjusting joint rotation directions complete, setting up pib
pib_gestures.core - INFO - 2026-06-30 18:22:54,666 - setting up pib complete, moving joints
pib_gestures.core - INFO - 2026-06-30 18:22:57,667 - finished


pib_gestures.core - INFO - 2026-06-30 18:22:57,667 - publishing joint angles
pib_gestures.core - INFO - 2026-06-30 18:23:00,669 - gesture executed
pib_gestures.core - INFO - 2026-06-30 18:23:00,669 - started, calculating center vector
pib_gestures.core - INFO - 2026-06-30 18:23:00,671 - center vector calculation finished, calculating head vector
pib_gestures.core - INFO - 2026-06-30 18:23:00,672 - head vector calculation finished, calculating joint angles
pib_gestures.core - INFO - 2026-06-30 18:23:00,673 - Confirmed head angles are within limits, adjusting joint rotation directions
pib_gestures.core - INFO - 2026-06-30 18:23:00,673 - adjusting joint rotation directions complete, setting up pib
pib_gestures.core - INFO - 2026-06-30 18:23:00,673 - setting up pib complete, moving joints
pib_gestures.core - INFO - 2026-06-30 18:23:03,673 - finished


pib_gestures.core - INFO - 2026-06-30 18:23:03,674 - finished


pib_gestures.core - INFO - 2026-06-30 18:32:34,514 - started, calculating center vector
pib_gestures.core - INFO - 2026-06-30 18:32:34,515 - center vector calculation finished, running gesture choosing logic
pib_gestures.core - INFO - 2026-06-30 18:32:34,515 - gesture set, calculating arm vector
pib_gestures.core - INFO - 2026-06-30 18:32:34,515 - arm vector calculation finished, calculating joint angles
pib_gestures.core - INFO - 2026-06-30 18:32:34,516 - joint angle calculation finished, checking joint angle and distance limits
pib_gestures.core - INFO - 2026-06-30 18:32:34,516 - confirmed arm angles are within limits, adjusting joint rotation directions
pib_gestures.core - INFO - 2026-06-30 18:32:34,516 - adjusting joint rotation directions complete, moving joints
pib_gestures.core - INFO - 2026-06-30 18:32:34,516 - started, calculating center vector
pib_gestures.core - INFO - 2026-06-30 18:32:34,516 - center vector calculation finished, calculating head vector
pib_gestures.core - INFO - 2026-06-30 18:32:34,516 - head vector calculation finished, calculating joint angles
pib_gestures.core - INFO - 2026-06-30 18:32:34,516 - Confirmed head angles are within limits, adjusting joint rotation directions
pib_gestures.core - INFO - 2026-06-30 18:32:34,516 - adjusting joint rotation directions complete, setting up pib
pib_gestures.core - INFO - 2026-06-30 18:32:34,516 - setting up pib complete, moving joints
pib_gestures.core - INFO - 2026-06-30 18:32:37,517 - finished


pib_gestures.core - INFO - 2026-06-30 18:32:37,517 - publishing joint angles
pib_gestures.core - INFO - 2026-06-30 18:32:39,517 - started, calculating center vector
pib_gestures.core - INFO - 2026-06-30 18:32:39,519 - center vector calculation finished, calculating head vector
pib_gestures.core - INFO - 2026-06-30 18:32:39,520 - head vector calculation finished, calculating joint angles
pib_gestures.core - INFO - 2026-06-30 18:32:39,521 - Confirmed head angles are within limits, adjusting joint rotation directions
pib_gestures.core - INFO - 2026-06-30 18:32:39,521 - adjusting joint rotation directions complete, setting up pib
pib_gestures.core - INFO - 2026-06-30 18:32:39,521 - setting up pib complete, moving joints
pib_gestures.core - INFO - 2026-06-30 18:32:42,521 - finished


pib_gestures.core - INFO - 2026-06-30 18:32:42,521 - finished


pib_gestures.core - INFO - 2026-06-30 18:35:50,395 - started, calculating center vector
pib_gestures.core - INFO - 2026-06-30 18:35:50,396 - center vector calculation finished, running gesture choosing logic
pib_gestures.core - INFO - 2026-06-30 18:35:50,396 - gesture set, calculating arm vector
pib_gestures.core - INFO - 2026-06-30 18:35:50,396 - arm vector calculation finished, calculating joint angles
pib_gestures.core - INFO - 2026-06-30 18:35:50,397 - joint angle calculation finished, checking joint angle and distance limits
pib_gestures.core - INFO - 2026-06-30 18:35:50,397 - confirmed arm angles are within limits, adjusting joint rotation directions
pib_gestures.core - INFO - 2026-06-30 18:35:50,397 - adjusting joint rotation directions complete, moving joints
pib_gestures.core - INFO - 2026-06-30 18:35:50,397 - started, calculating center vector
pib_gestures.core - INFO - 2026-06-30 18:35:50,397 - center vector calculation finished, calculating head vector
pib_gestures.core - INFO - 2026-06-30 18:35:50,398 - head vector calculation finished, calculating joint angles
pib_gestures.core - INFO - 2026-06-30 18:35:50,398 - Confirmed head angles are within limits, adjusting joint rotation directions
pib_gestures.core - INFO - 2026-06-30 18:35:50,398 - adjusting joint rotation directions complete, setting up pib
pib_gestures.core - INFO - 2026-06-30 18:35:50,398 - setting up pib complete, moving joints
pib_gestures.core - INFO - 2026-06-30 18:35:53,398 - finished


pib_gestures.core - INFO - 2026-06-30 18:35:53,398 - publishing joint angles
pib_gestures.core - INFO - 2026-06-30 18:35:55,399 - started, calculating center vector
pib_gestures.core - INFO - 2026-06-30 18:35:55,400 - center vector calculation finished, calculating head vector
pib_gestures.core - INFO - 2026-06-30 18:35:55,401 - head vector calculation finished, calculating joint angles
pib_gestures.core - INFO - 2026-06-30 18:35:55,401 - Confirmed head angles are within limits, adjusting joint rotation directions
pib_gestures.core - INFO - 2026-06-30 18:35:55,402 - adjusting joint rotation directions complete, setting up pib
pib_gestures.core - INFO - 2026-06-30 18:35:55,402 - setting up pib complete, moving joints
pib_gestures.core - INFO - 2026-06-30 18:35:58,402 - finished


pib_gestures.core - INFO - 2026-06-30 18:35:58,402 - finished


pib_gestures.core - INFO - 2026-06-30 18:37:22,087 - started, calculating center vector
pib_gestures.core - INFO - 2026-06-30 18:37:22,087 - center vector calculation finished, running gesture choosing logic
pib_gestures.core - INFO - 2026-06-30 18:37:22,087 - gesture set, calculating arm vector
pib_gestures.core - INFO - 2026-06-30 18:37:22,087 - arm vector calculation finished, calculating joint angles
pib_gestures.core - INFO - 2026-06-30 18:37:22,088 - joint angle calculation finished, checking joint angle and distance limits
pib_gestures.core - INFO - 2026-06-30 18:37:22,088 - confirmed arm angles are within limits, adjusting joint rotation directions
pib_gestures.core - INFO - 2026-06-30 18:37:22,088 - adjusting joint rotation directions complete, moving joints
pib_gestures.core - INFO - 2026-06-30 18:37:22,088 - started, calculating center vector
pib_gestures.core - INFO - 2026-06-30 18:37:22,088 - center vector calculation finished, calculating head vector
pib_gestures.core - INFO - 2026-06-30 18:37:22,088 - head vector calculation finished, calculating joint angles
pib_gestures.core - INFO - 2026-06-30 18:37:22,089 - Confirmed head angles are within limits, adjusting joint rotation directions
pib_gestures.core - INFO - 2026-06-30 18:37:22,089 - adjusting joint rotation directions complete, setting up pib
pib_gestures.core - INFO - 2026-06-30 18:37:22,089 - setting up pib complete, moving joints
pib_gestures.core - INFO - 2026-06-30 18:37:25,089 - finished


pib_gestures.core - INFO - 2026-06-30 18:37:25,089 - publishing joint angles
pib_gestures.core - INFO - 2026-06-30 18:37:27,089 - started, calculating center vector
pib_gestures.core - INFO - 2026-06-30 18:37:27,091 - center vector calculation finished, calculating head vector
pib_gestures.core - INFO - 2026-06-30 18:37:27,092 - head vector calculation finished, calculating joint angles
pib_gestures.core - INFO - 2026-06-30 18:37:27,093 - Confirmed head angles are within limits, adjusting joint rotation directions
pib_gestures.core - INFO - 2026-06-30 18:37:27,093 - adjusting joint rotation directions complete, setting up pib
pib_gestures.core - INFO - 2026-06-30 18:37:27,093 - setting up pib complete, moving joints
pib_gestures.core - INFO - 2026-06-30 18:37:30,093 - finished


pib_gestures.core - INFO - 2026-06-30 18:37:30,093 - finished


pib_gestures.core - INFO - 2026-06-30 18:38:46,582 - started, calculating center vector
pib_gestures.core - INFO - 2026-06-30 18:38:46,583 - center vector calculation finished, running gesture choosing logic
pib_gestures.core - INFO - 2026-06-30 18:38:46,583 - gesture set, calculating arm vector
pib_gestures.core - INFO - 2026-06-30 18:38:46,583 - arm vector calculation finished, calculating joint angles
pib_gestures.core - INFO - 2026-06-30 18:38:46,583 - joint angle calculation finished, checking joint angle and distance limits
pib_gestures.core - INFO - 2026-06-30 18:38:46,583 - confirmed arm angles are within limits, adjusting joint rotation directions
pib_gestures.core - INFO - 2026-06-30 18:38:46,584 - adjusting joint rotation directions complete, moving joints
pib_gestures.core - INFO - 2026-06-30 18:38:46,584 - started, calculating center vector
pib_gestures.core - INFO - 2026-06-30 18:38:46,584 - center vector calculation finished, calculating head vector
pib_gestures.core - INFO - 2026-06-30 18:38:46,584 - head vector calculation finished, calculating joint angles
pib_gestures.core - INFO - 2026-06-30 18:38:46,584 - Confirmed head angles are within limits, adjusting joint rotation directions
pib_gestures.core - INFO - 2026-06-30 18:38:46,584 - adjusting joint rotation directions complete, setting up pib
pib_gestures.core - INFO - 2026-06-30 18:38:46,584 - setting up pib complete, moving joints
pib_gestures.core - INFO - 2026-06-30 18:38:49,584 - finished


pib_gestures.core - INFO - 2026-06-30 18:38:49,585 - publishing joint angles
pib_gestures.core - INFO - 2026-06-30 18:38:51,585 - started, calculating center vector
pib_gestures.core - INFO - 2026-06-30 18:38:51,587 - center vector calculation finished, calculating head vector
pib_gestures.core - INFO - 2026-06-30 18:38:51,588 - head vector calculation finished, calculating joint angles
pib_gestures.core - INFO - 2026-06-30 18:38:51,589 - Confirmed head angles are within limits, adjusting joint rotation directions
pib_gestures.core - INFO - 2026-06-30 18:38:51,589 - adjusting joint rotation directions complete, setting up pib
pib_gestures.core - INFO - 2026-06-30 18:38:51,589 - setting up pib complete, moving joints
pib_gestures.core - INFO - 2026-06-30 18:38:54,589 - finished


pib_gestures.core - INFO - 2026-06-30 18:38:54,590 - finished


pib_gestures.core - INFO - 2026-06-30 18:40:21,454 - started, calculating center vector
pib_gestures.core - INFO - 2026-06-30 18:40:21,455 - center vector calculation finished, running gesture choosing logic
pib_gestures.core - INFO - 2026-06-30 18:40:21,455 - gesture set, calculating arm vector
pib_gestures.core - INFO - 2026-06-30 18:40:21,455 - arm vector calculation finished, calculating joint angles
pib_gestures.core - INFO - 2026-06-30 18:40:21,455 - joint angle calculation finished, checking joint angle and distance limits
pib_gestures.core - INFO - 2026-06-30 18:40:21,456 - confirmed arm angles are within limits, adjusting joint rotation directions
pib_gestures.core - INFO - 2026-06-30 18:40:21,456 - adjusting joint rotation directions complete, moving joints
pib_gestures.core - INFO - 2026-06-30 18:40:21,456 - started, calculating center vector
pib_gestures.core - INFO - 2026-06-30 18:40:21,456 - center vector calculation finished, calculating head vector
pib_gestures.core - INFO - 2026-06-30 18:40:21,456 - head vector calculation finished, calculating joint angles
pib_gestures.core - INFO - 2026-06-30 18:40:21,456 - Confirmed head angles are within limits, adjusting joint rotation directions
pib_gestures.core - INFO - 2026-06-30 18:40:21,456 - adjusting joint rotation directions complete, setting up pib
pib_gestures.core - INFO - 2026-06-30 18:40:21,456 - setting up pib complete, moving joints
pib_gestures.core - INFO - 2026-06-30 18:40:24,457 - finished


pib_gestures.core - INFO - 2026-06-30 18:40:24,457 - publishing joint angles
pib_gestures.core - INFO - 2026-06-30 18:40:26,458 - started, calculating center vector
pib_gestures.core - INFO - 2026-06-30 18:40:26,459 - center vector calculation finished, calculating head vector
pib_gestures.core - INFO - 2026-06-30 18:40:26,460 - head vector calculation finished, calculating joint angles
pib_gestures.core - INFO - 2026-06-30 18:40:26,460 - Confirmed head angles are within limits, adjusting joint rotation directions
pib_gestures.core - INFO - 2026-06-30 18:40:26,460 - adjusting joint rotation directions complete, setting up pib
pib_gestures.core - INFO - 2026-06-30 18:40:26,460 - setting up pib complete, moving joints
pib_gestures.core - INFO - 2026-06-30 18:40:29,461 - finished


pib_gestures.core - INFO - 2026-06-30 18:40:29,461 - finished


pib_gestures.core - INFO - 2026-06-30 18:41:51,141 - started, calculating center vector
pib_gestures.core - INFO - 2026-06-30 18:41:51,142 - center vector calculation finished, running gesture choosing logic
pib_gestures.core - INFO - 2026-06-30 18:41:51,142 - gesture set, calculating arm vector
pib_gestures.core - INFO - 2026-06-30 18:41:51,142 - arm vector calculation finished, calculating joint angles
pib_gestures.core - INFO - 2026-06-30 18:41:51,143 - joint angle calculation finished, checking joint angle and distance limits
pib_gestures.core - INFO - 2026-06-30 18:41:51,143 - confirmed arm angles are within limits, adjusting joint rotation directions
pib_gestures.core - INFO - 2026-06-30 18:41:51,143 - adjusting joint rotation directions complete, moving joints
pib_gestures.core - INFO - 2026-06-30 18:41:51,143 - started, calculating center vector
pib_gestures.core - INFO - 2026-06-30 18:41:51,143 - center vector calculation finished, calculating head vector
pib_gestures.core - INFO - 2026-06-30 18:41:51,143 - head vector calculation finished, calculating joint angles
pib_gestures.core - INFO - 2026-06-30 18:41:51,143 - Confirmed head angles are within limits, adjusting joint rotation directions
pib_gestures.core - INFO - 2026-06-30 18:41:51,144 - adjusting joint rotation directions complete, setting up pib
pib_gestures.core - INFO - 2026-06-30 18:41:51,144 - setting up pib complete, moving joints
pib_gestures.core - INFO - 2026-06-30 18:41:54,144 - finished


pib_gestures.core - INFO - 2026-06-30 18:41:54,144 - publishing joint angles
pib_gestures.core - INFO - 2026-06-30 18:41:56,145 - started, calculating center vector
pib_gestures.core - INFO - 2026-06-30 18:41:56,147 - center vector calculation finished, calculating head vector
pib_gestures.core - INFO - 2026-06-30 18:41:56,147 - head vector calculation finished, calculating joint angles
pib_gestures.core - INFO - 2026-06-30 18:41:56,148 - Confirmed head angles are within limits, adjusting joint rotation directions
pib_gestures.core - INFO - 2026-06-30 18:41:56,148 - adjusting joint rotation directions complete, setting up pib
pib_gestures.core - INFO - 2026-06-30 18:41:56,148 - setting up pib complete, moving joints
pib_gestures.core - INFO - 2026-06-30 18:41:59,148 - finished


pib_gestures.core - INFO - 2026-06-30 18:41:59,149 - finished


pib_gestures.core - INFO - 2026-06-30 18:41:59,168 - started, calculating center vector
pib_gestures.core - INFO - 2026-06-30 18:41:59,169 - center vector calculation finished, running gesture choosing logic
pib_gestures.core - INFO - 2026-06-30 18:41:59,169 - gesture set, calculating arm vector
pib_gestures.core - INFO - 2026-06-30 18:41:59,169 - arm vector calculation finished, calculating joint angles
pib_gestures.core - INFO - 2026-06-30 18:41:59,169 - joint angle calculation finished, checking joint angle and distance limits
pib_gestures.core - INFO - 2026-06-30 18:41:59,169 - confirmed arm angles are within limits, adjusting joint rotation directions
pib_gestures.core - INFO - 2026-06-30 18:41:59,170 - adjusting joint rotation directions complete, moving joints
pib_gestures.core - INFO - 2026-06-30 18:41:59,170 - started, calculating center vector
pib_gestures.core - INFO - 2026-06-30 18:41:59,170 - center vector calculation finished, calculating head vector
pib_gestures.core - INFO - 2026-06-30 18:41:59,170 - head vector calculation finished, calculating joint angles
pib_gestures.core - INFO - 2026-06-30 18:41:59,170 - Confirmed head angles are within limits, adjusting joint rotation directions
pib_gestures.core - INFO - 2026-06-30 18:41:59,170 - adjusting joint rotation directions complete, setting up pib
pib_gestures.core - INFO - 2026-06-30 18:41:59,170 - setting up pib complete, moving joints
pib_gestures.core - INFO - 2026-06-30 18:42:02,170 - finished


pib_gestures.core - INFO - 2026-06-30 18:42:02,171 - publishing joint angles
pib_gestures.core - INFO - 2026-06-30 18:42:05,173 - gesture executed
pib_gestures.core - INFO - 2026-06-30 18:42:05,173 - started, calculating center vector
pib_gestures.core - INFO - 2026-06-30 18:42:05,173 - center vector calculation finished, calculating head vector
pib_gestures.core - INFO - 2026-06-30 18:42:05,174 - head vector calculation finished, calculating joint angles
pib_gestures.core - INFO - 2026-06-30 18:42:05,174 - Confirmed head angles are within limits, adjusting joint rotation directions
pib_gestures.core - INFO - 2026-06-30 18:42:05,174 - adjusting joint rotation directions complete, setting up pib
pib_gestures.core - INFO - 2026-06-30 18:42:05,174 - setting up pib complete, moving joints
pib_gestures.core - INFO - 2026-06-30 18:42:08,174 - finished


pib_gestures.core - INFO - 2026-06-30 18:42:08,175 - finished


pib_gestures.core - INFO - 2026-06-30 18:42:51,729 - started, calculating center vector
pib_gestures.core - INFO - 2026-06-30 18:42:51,730 - center vector calculation finished, running gesture choosing logic
pib_gestures.core - INFO - 2026-06-30 18:42:51,730 - gesture set, calculating arm vector
pib_gestures.core - INFO - 2026-06-30 18:42:51,730 - arm vector calculation finished, calculating joint angles
pib_gestures.core - INFO - 2026-06-30 18:42:51,730 - joint angle calculation finished, checking joint angle and distance limits
pib_gestures.core - INFO - 2026-06-30 18:42:51,730 - confirmed arm angles are within limits, adjusting joint rotation directions
pib_gestures.core - INFO - 2026-06-30 18:42:51,731 - adjusting joint rotation directions complete, moving joints
pib_gestures.core - INFO - 2026-06-30 18:42:51,731 - started, calculating center vector
pib_gestures.core - INFO - 2026-06-30 18:42:51,731 - center vector calculation finished, calculating head vector
pib_gestures.core - INFO - 2026-06-30 18:42:51,731 - head vector calculation finished, calculating joint angles
pib_gestures.core - INFO - 2026-06-30 18:42:51,731 - Confirmed head angles are within limits, adjusting joint rotation directions
pib_gestures.core - INFO - 2026-06-30 18:42:51,731 - adjusting joint rotation directions complete, setting up pib
pib_gestures.core - INFO - 2026-06-30 18:42:51,731 - setting up pib complete, moving joints
pib_gestures.core - INFO - 2026-06-30 18:42:54,732 - finished


pib_gestures.core - INFO - 2026-06-30 18:42:54,732 - publishing joint angles
pib_gestures.core - INFO - 2026-06-30 18:42:56,732 - started, calculating center vector
pib_gestures.core - INFO - 2026-06-30 18:42:56,735 - center vector calculation finished, calculating head vector
pib_gestures.core - INFO - 2026-06-30 18:42:56,736 - head vector calculation finished, calculating joint angles
pib_gestures.core - INFO - 2026-06-30 18:42:56,737 - Confirmed head angles are within limits, adjusting joint rotation directions
pib_gestures.core - INFO - 2026-06-30 18:42:56,737 - adjusting joint rotation directions complete, setting up pib
pib_gestures.core - INFO - 2026-06-30 18:42:56,737 - setting up pib complete, moving joints
pib_gestures.core - INFO - 2026-06-30 18:42:59,737 - finished


pib_gestures.core - INFO - 2026-06-30 18:42:59,738 - finished


pib_gestures.core - INFO - 2026-06-30 18:43:07,114 - started, calculating center vector
pib_gestures.core - INFO - 2026-06-30 18:43:07,114 - center vector calculation finished, running gesture choosing logic
pib_gestures.core - INFO - 2026-06-30 18:43:07,114 - gesture set, calculating arm vector
pib_gestures.core - INFO - 2026-06-30 18:43:07,115 - arm vector calculation finished, calculating joint angles
pib_gestures.core - INFO - 2026-06-30 18:43:07,115 - joint angle calculation finished, checking joint angle and distance limits
pib_gestures.core - INFO - 2026-06-30 18:43:07,115 - confirmed arm angles are within limits, adjusting joint rotation directions
pib_gestures.core - INFO - 2026-06-30 18:43:07,115 - adjusting joint rotation directions complete, moving joints
pib_gestures.core - INFO - 2026-06-30 18:43:07,116 - started, calculating center vector
pib_gestures.core - INFO - 2026-06-30 18:43:07,116 - center vector calculation finished, calculating head vector
pib_gestures.core - INFO - 2026-06-30 18:43:07,116 - head vector calculation finished, calculating joint angles
pib_gestures.core - INFO - 2026-06-30 18:43:07,116 - Confirmed head angles are within limits, adjusting joint rotation directions
pib_gestures.core - INFO - 2026-06-30 18:43:07,116 - adjusting joint rotation directions complete, setting up pib
pib_gestures.core - INFO - 2026-06-30 18:43:07,116 - setting up pib complete, moving joints
pib_gestures.core - INFO - 2026-06-30 18:43:10,117 - finished


pib_gestures.core - INFO - 2026-06-30 18:43:10,117 - publishing joint angles
pib_gestures.core - INFO - 2026-06-30 18:43:13,118 - gesture executed
pib_gestures.core - INFO - 2026-06-30 18:43:13,118 - started, calculating center vector
pib_gestures.core - INFO - 2026-06-30 18:43:13,120 - center vector calculation finished, calculating head vector
pib_gestures.core - INFO - 2026-06-30 18:43:13,120 - head vector calculation finished, calculating joint angles
pib_gestures.core - INFO - 2026-06-30 18:43:13,121 - Confirmed head angles are within limits, adjusting joint rotation directions
pib_gestures.core - INFO - 2026-06-30 18:43:13,121 - adjusting joint rotation directions complete, setting up pib
pib_gestures.core - INFO - 2026-06-30 18:43:13,121 - setting up pib complete, moving joints
pib_gestures.core - INFO - 2026-06-30 18:43:16,122 - finished


pib_gestures.core - INFO - 2026-06-30 18:43:16,122 - finished


pib_gestures.core - INFO - 2026-07-01 03:06:13,528 - started, calculating center vector
pib_gestures.core - INFO - 2026-07-01 03:06:13,531 - center vector calculation finished, calculating head vector
pib_gestures.core - INFO - 2026-07-01 03:06:13,532 - head vector calculation finished, calculating joint angles
pib_gestures.core - INFO - 2026-07-01 03:06:13,532 - Confirmed head angles are within limits, adjusting joint rotation directions
pib_gestures.core - INFO - 2026-07-01 03:06:13,533 - adjusting joint rotation directions complete, setting up pib
pib_gestures.core - INFO - 2026-07-01 03:06:13,533 - setting up pib complete, moving joints
pib_gestures.core - INFO - 2026-07-01 03:06:16,533 - finished


pib_gestures.core - INFO - 2026-07-01 03:06:16,585 - started, calculating center vector
pib_gestures.core - INFO - 2026-07-01 03:06:16,587 - center vector calculation finished, running gesture choosing logic
pib_gestures.core - INFO - 2026-07-01 03:06:16,587 - gesture set, calculating arm vector
pib_gestures.core - INFO - 2026-07-01 03:06:16,588 - arm vector calculation finished, calculating joint angles
pib_gestures.core - INFO - 2026-07-01 03:06:16,589 - joint angle calculation finished, checking joint angle and distance limits
pib_gestures.core - INFO - 2026-07-01 03:06:16,589 - confirmed arm angles are within limits, adjusting joint rotation directions
pib_gestures.core - INFO - 2026-07-01 03:06:16,589 - adjusting joint rotation directions complete, moving joints
pib_gestures.core - INFO - 2026-07-01 03:06:16,590 - started, calculating center vector
pib_gestures.core - INFO - 2026-07-01 03:06:16,591 - center vector calculation finished, calculating head vector
pib_gestures.core - INFO - 2026-07-01 03:06:16,592 - head vector calculation finished, calculating joint angles
pib_gestures.core - INFO - 2026-07-01 03:06:16,592 - Confirmed head angles are within limits, adjusting joint rotation directions
pib_gestures.core - INFO - 2026-07-01 03:06:16,592 - adjusting joint rotation directions complete, setting up pib
pib_gestures.core - INFO - 2026-07-01 03:06:16,593 - setting up pib complete, moving joints
pib_gestures.core - INFO - 2026-07-01 03:06:19,593 - finished


pib_gestures.core - INFO - 2026-07-01 03:06:19,593 - publishing joint angles
pib_gestures.core - INFO - 2026-07-01 03:06:21,594 - started, calculating center vector
pib_gestures.core - INFO - 2026-07-01 03:06:21,596 - center vector calculation finished, calculating head vector
pib_gestures.core - INFO - 2026-07-01 03:06:21,597 - head vector calculation finished, calculating joint angles
pib_gestures.core - INFO - 2026-07-01 03:06:21,597 - Confirmed head angles are within limits, adjusting joint rotation directions
pib_gestures.core - INFO - 2026-07-01 03:06:21,598 - adjusting joint rotation directions complete, setting up pib
pib_gestures.core - INFO - 2026-07-01 03:06:21,598 - setting up pib complete, moving joints
pib_gestures.core - INFO - 2026-07-01 03:06:24,598 - finished


pib_gestures.core - INFO - 2026-07-01 03:06:24,599 - finished


pib_gestures.core - INFO - 2026-07-01 03:06:36,094 - started, calculating center vector
pib_gestures.core - INFO - 2026-07-01 03:06:36,095 - center vector calculation finished, calculating head vector
pib_gestures.core - INFO - 2026-07-01 03:06:36,095 - head vector calculation finished, calculating joint angles
pib_gestures.core - INFO - 2026-07-01 03:06:36,095 - Confirmed head angles are within limits, adjusting joint rotation directions
pib_gestures.core - INFO - 2026-07-01 03:06:36,095 - adjusting joint rotation directions complete, setting up pib
pib_gestures.core - INFO - 2026-07-01 03:06:36,095 - setting up pib complete, moving joints
pib_gestures.core - INFO - 2026-07-01 03:06:39,095 - finished


pib_gestures.core - INFO - 2026-07-01 03:06:39,117 - started, calculating center vector
pib_gestures.core - INFO - 2026-07-01 03:06:39,119 - center vector calculation finished, running gesture choosing logic
pib_gestures.core - INFO - 2026-07-01 03:06:39,119 - gesture set, calculating arm vector
pib_gestures.core - INFO - 2026-07-01 03:06:39,121 - arm vector calculation finished, calculating joint angles
pib_gestures.core - INFO - 2026-07-01 03:06:39,121 - joint angle calculation finished, checking joint angle and distance limits
pib_gestures.core - INFO - 2026-07-01 03:06:39,122 - confirmed arm angles are within limits, adjusting joint rotation directions
pib_gestures.core - INFO - 2026-07-01 03:06:39,122 - adjusting joint rotation directions complete, moving joints
pib_gestures.core - INFO - 2026-07-01 03:06:39,122 - started, calculating center vector
pib_gestures.core - INFO - 2026-07-01 03:06:39,123 - center vector calculation finished, calculating head vector
pib_gestures.core - INFO - 2026-07-01 03:06:39,124 - head vector calculation finished, calculating joint angles
pib_gestures.core - INFO - 2026-07-01 03:06:39,124 - Confirmed head angles are within limits, adjusting joint rotation directions
pib_gestures.core - INFO - 2026-07-01 03:06:39,125 - adjusting joint rotation directions complete, setting up pib
pib_gestures.core - INFO - 2026-07-01 03:06:39,125 - setting up pib complete, moving joints
pib_gestures.core - INFO - 2026-07-01 03:06:42,125 - finished


pib_gestures.core - INFO - 2026-07-01 03:06:42,125 - publishing joint angles
pib_gestures.core - INFO - 2026-07-01 03:06:45,127 - gesture executed
pib_gestures.core - INFO - 2026-07-01 03:06:45,127 - started, calculating center vector
pib_gestures.core - INFO - 2026-07-01 03:06:45,129 - center vector calculation finished, calculating head vector
pib_gestures.core - INFO - 2026-07-01 03:06:45,129 - head vector calculation finished, calculating joint angles
pib_gestures.core - INFO - 2026-07-01 03:06:45,130 - Confirmed head angles are within limits, adjusting joint rotation directions
pib_gestures.core - INFO - 2026-07-01 03:06:45,130 - adjusting joint rotation directions complete, setting up pib
pib_gestures.core - INFO - 2026-07-01 03:06:45,130 - setting up pib complete, moving joints
pib_gestures.core - INFO - 2026-07-01 03:06:48,131 - finished


pib_gestures.core - INFO - 2026-07-01 03:06:48,131 - finished


pib_gestures.core - INFO - 2026-07-01 03:10:41,039 - started, calculating center vector
pib_gestures.core - INFO - 2026-07-01 03:10:41,041 - center vector calculation finished, calculating head vector
pib_gestures.core - INFO - 2026-07-01 03:10:41,041 - head vector calculation finished, calculating joint angles
pib_gestures.core - INFO - 2026-07-01 03:10:41,042 - Confirmed head angles are within limits, adjusting joint rotation directions
pib_gestures.core - INFO - 2026-07-01 03:10:41,042 - adjusting joint rotation directions complete, setting up pib
pib_gestures.core - INFO - 2026-07-01 03:10:41,042 - setting up pib complete, moving joints
pib_gestures.core - INFO - 2026-07-01 03:10:44,043 - finished


pib_gestures.core - INFO - 2026-07-01 03:10:44,063 - started, calculating center vector
pib_gestures.core - INFO - 2026-07-01 03:10:44,064 - center vector calculation finished, running gesture choosing logic
pib_gestures.core - INFO - 2026-07-01 03:10:44,064 - gesture set, calculating arm vector
pib_gestures.core - INFO - 2026-07-01 03:10:44,066 - arm vector calculation finished, calculating joint angles
pib_gestures.core - INFO - 2026-07-01 03:10:44,066 - joint angle calculation finished, checking joint angle and distance limits
pib_gestures.core - INFO - 2026-07-01 03:10:44,067 - confirmed arm angles are within limits, adjusting joint rotation directions
pib_gestures.core - INFO - 2026-07-01 03:10:44,067 - adjusting joint rotation directions complete, moving joints
pib_gestures.core - INFO - 2026-07-01 03:10:44,067 - started, calculating center vector
pib_gestures.core - INFO - 2026-07-01 03:10:44,068 - center vector calculation finished, calculating head vector
pib_gestures.core - INFO - 2026-07-01 03:10:44,069 - head vector calculation finished, calculating joint angles
pib_gestures.core - INFO - 2026-07-01 03:10:44,069 - Confirmed head angles are within limits, adjusting joint rotation directions
pib_gestures.core - INFO - 2026-07-01 03:10:44,070 - adjusting joint rotation directions complete, setting up pib
pib_gestures.core - INFO - 2026-07-01 03:10:44,070 - setting up pib complete, moving joints
pib_gestures.core - INFO - 2026-07-01 03:10:47,070 - finished


pib_gestures.core - INFO - 2026-07-01 03:10:47,070 - publishing joint angles
pib_gestures.core - INFO - 2026-07-01 03:10:49,071 - started, calculating center vector
pib_gestures.core - INFO - 2026-07-01 03:10:49,073 - center vector calculation finished, calculating head vector
pib_gestures.core - INFO - 2026-07-01 03:10:49,073 - head vector calculation finished, calculating joint angles
pib_gestures.core - INFO - 2026-07-01 03:10:49,074 - Confirmed head angles are within limits, adjusting joint rotation directions
pib_gestures.core - INFO - 2026-07-01 03:10:49,074 - adjusting joint rotation directions complete, setting up pib
pib_gestures.core - INFO - 2026-07-01 03:10:49,074 - setting up pib complete, moving joints
pib_gestures.core - INFO - 2026-07-01 03:10:52,075 - finished


pib_gestures.core - INFO - 2026-07-01 03:10:52,075 - finished


pib_gestures.core - INFO - 2026-07-01 03:12:10,396 - started, calculating center vector
pib_gestures.core - INFO - 2026-07-01 03:12:10,397 - center vector calculation finished, calculating head vector
pib_gestures.core - INFO - 2026-07-01 03:12:10,398 - head vector calculation finished, calculating joint angles
pib_gestures.core - INFO - 2026-07-01 03:12:10,399 - Confirmed head angles are within limits, adjusting joint rotation directions
pib_gestures.core - INFO - 2026-07-01 03:12:10,399 - adjusting joint rotation directions complete, setting up pib
pib_gestures.core - INFO - 2026-07-01 03:12:10,399 - setting up pib complete, moving joints
pib_gestures.core - INFO - 2026-07-01 03:12:13,399 - finished


pib_gestures.core - INFO - 2026-07-01 03:12:13,417 - started, calculating center vector
pib_gestures.core - INFO - 2026-07-01 03:12:13,419 - center vector calculation finished, running gesture choosing logic
pib_gestures.core - INFO - 2026-07-01 03:12:13,419 - gesture set, calculating arm vector
pib_gestures.core - INFO - 2026-07-01 03:12:13,419 - arm vector calculation finished, calculating joint angles
pib_gestures.core - INFO - 2026-07-01 03:12:13,419 - joint angle calculation finished, checking joint angle and distance limits
pib_gestures.core - INFO - 2026-07-01 03:12:13,419 - confirmed arm angles are within limits, adjusting joint rotation directions
pib_gestures.core - INFO - 2026-07-01 03:12:13,419 - adjusting joint rotation directions complete, moving joints
pib_gestures.core - INFO - 2026-07-01 03:12:13,420 - started, calculating center vector
pib_gestures.core - INFO - 2026-07-01 03:12:13,420 - center vector calculation finished, calculating head vector
pib_gestures.core - INFO - 2026-07-01 03:12:13,420 - head vector calculation finished, calculating joint angles
pib_gestures.core - INFO - 2026-07-01 03:12:13,420 - Confirmed head angles are within limits, adjusting joint rotation directions
pib_gestures.core - INFO - 2026-07-01 03:12:13,420 - adjusting joint rotation directions complete, setting up pib
pib_gestures.core - INFO - 2026-07-01 03:12:13,420 - setting up pib complete, moving joints
pib_gestures.core - INFO - 2026-07-01 03:12:16,421 - finished


pib_gestures.core - INFO - 2026-07-01 03:12:16,421 - publishing joint angles
pib_gestures.core - INFO - 2026-07-01 03:12:18,421 - started, calculating center vector
pib_gestures.core - INFO - 2026-07-01 03:12:18,423 - center vector calculation finished, calculating head vector
pib_gestures.core - INFO - 2026-07-01 03:12:18,424 - head vector calculation finished, calculating joint angles
pib_gestures.core - INFO - 2026-07-01 03:12:18,424 - Confirmed head angles are within limits, adjusting joint rotation directions
pib_gestures.core - INFO - 2026-07-01 03:12:18,424 - adjusting joint rotation directions complete, setting up pib
pib_gestures.core - INFO - 2026-07-01 03:12:18,424 - setting up pib complete, moving joints
pib_gestures.core - INFO - 2026-07-01 03:12:21,424 - finished


pib_gestures.core - INFO - 2026-07-01 03:12:21,425 - finished


pib_gestures.core - INFO - 2026-07-01 03:14:19,602 - started, calculating center vector
pib_gestures.core - INFO - 2026-07-01 03:14:19,603 - center vector calculation finished, calculating head vector
pib_gestures.core - INFO - 2026-07-01 03:14:19,603 - head vector calculation finished, calculating joint angles
pib_gestures.core - INFO - 2026-07-01 03:14:19,604 - Confirmed head angles are within limits, adjusting joint rotation directions
pib_gestures.core - INFO - 2026-07-01 03:14:19,604 - adjusting joint rotation directions complete, setting up pib
pib_gestures.core - INFO - 2026-07-01 03:14:19,604 - setting up pib complete, moving joints
pib_gestures.core - INFO - 2026-07-01 03:14:22,604 - finished


pib_gestures.core - INFO - 2026-07-01 03:14:22,622 - started, calculating center vector
pib_gestures.core - INFO - 2026-07-01 03:14:22,623 - center vector calculation finished, running gesture choosing logic
pib_gestures.core - INFO - 2026-07-01 03:14:22,624 - gesture set, calculating arm vector
pib_gestures.core - INFO - 2026-07-01 03:14:22,624 - arm vector calculation finished, calculating joint angles
pib_gestures.core - INFO - 2026-07-01 03:14:22,624 - joint angle calculation finished, checking joint angle and distance limits
pib_gestures.core - INFO - 2026-07-01 03:14:22,624 - confirmed arm angles are within limits, adjusting joint rotation directions
pib_gestures.core - INFO - 2026-07-01 03:14:22,625 - adjusting joint rotation directions complete, moving joints
pib_gestures.core - INFO - 2026-07-01 03:14:22,625 - started, calculating center vector
pib_gestures.core - INFO - 2026-07-01 03:14:22,625 - center vector calculation finished, calculating head vector
pib_gestures.core - INFO - 2026-07-01 03:14:22,625 - head vector calculation finished, calculating joint angles
pib_gestures.core - INFO - 2026-07-01 03:14:22,625 - Confirmed head angles are within limits, adjusting joint rotation directions
pib_gestures.core - INFO - 2026-07-01 03:14:22,625 - adjusting joint rotation directions complete, setting up pib
pib_gestures.core - INFO - 2026-07-01 03:14:22,625 - setting up pib complete, moving joints
pib_gestures.core - INFO - 2026-07-01 03:14:25,625 - finished


pib_gestures.core - INFO - 2026-07-01 03:14:25,626 - publishing joint angles
pib_gestures.core - INFO - 2026-07-01 03:14:27,626 - started, calculating center vector
pib_gestures.core - INFO - 2026-07-01 03:14:27,628 - center vector calculation finished, calculating head vector
pib_gestures.core - INFO - 2026-07-01 03:14:27,629 - head vector calculation finished, calculating joint angles
pib_gestures.core - INFO - 2026-07-01 03:14:27,629 - Confirmed head angles are within limits, adjusting joint rotation directions
pib_gestures.core - INFO - 2026-07-01 03:14:27,629 - adjusting joint rotation directions complete, setting up pib
pib_gestures.core - INFO - 2026-07-01 03:14:27,629 - setting up pib complete, moving joints
pib_gestures.core - INFO - 2026-07-01 03:14:30,630 - finished


pib_gestures.core - INFO - 2026-07-01 03:14:30,630 - finished


pib_gestures.core - INFO - 2026-07-01 03:14:39,617 - started, calculating center vector
pib_gestures.core - INFO - 2026-07-01 03:14:39,618 - center vector calculation finished, calculating head vector
pib_gestures.core - INFO - 2026-07-01 03:14:39,618 - head vector calculation finished, calculating joint angles
pib_gestures.core - INFO - 2026-07-01 03:14:39,618 - Confirmed head angles are within limits, adjusting joint rotation directions
pib_gestures.core - INFO - 2026-07-01 03:14:39,618 - adjusting joint rotation directions complete, setting up pib
pib_gestures.core - INFO - 2026-07-01 03:14:39,618 - setting up pib complete, moving joints
pib_gestures.core - INFO - 2026-07-01 03:14:42,618 - finished


pib_gestures.core - INFO - 2026-07-01 03:14:42,637 - started, calculating center vector
pib_gestures.core - INFO - 2026-07-01 03:14:42,639 - center vector calculation finished, running gesture choosing logic
pib_gestures.core - INFO - 2026-07-01 03:14:42,639 - gesture set, calculating arm vector
pib_gestures.core - INFO - 2026-07-01 03:14:42,640 - arm vector calculation finished, calculating joint angles
pib_gestures.core - INFO - 2026-07-01 03:14:42,641 - joint angle calculation finished, checking joint angle and distance limits
pib_gestures.core - INFO - 2026-07-01 03:14:42,641 - confirmed arm angles are within limits, adjusting joint rotation directions
pib_gestures.core - INFO - 2026-07-01 03:14:42,642 - adjusting joint rotation directions complete, moving joints
pib_gestures.core - INFO - 2026-07-01 03:14:42,642 - started, calculating center vector
pib_gestures.core - INFO - 2026-07-01 03:14:42,643 - center vector calculation finished, calculating head vector
pib_gestures.core - INFO - 2026-07-01 03:14:42,644 - head vector calculation finished, calculating joint angles
pib_gestures.core - INFO - 2026-07-01 03:14:42,644 - Confirmed head angles are within limits, adjusting joint rotation directions
pib_gestures.core - INFO - 2026-07-01 03:14:42,645 - adjusting joint rotation directions complete, setting up pib
pib_gestures.core - INFO - 2026-07-01 03:14:42,645 - setting up pib complete, moving joints
pib_gestures.core - INFO - 2026-07-01 03:14:45,645 - finished


pib_gestures.core - INFO - 2026-07-01 03:14:45,645 - publishing joint angles
pib_gestures.core - INFO - 2026-07-01 03:14:48,647 - gesture executed
pib_gestures.core - INFO - 2026-07-01 03:14:48,648 - started, calculating center vector
pib_gestures.core - INFO - 2026-07-01 03:14:48,649 - center vector calculation finished, calculating head vector
pib_gestures.core - INFO - 2026-07-01 03:14:48,650 - head vector calculation finished, calculating joint angles
pib_gestures.core - INFO - 2026-07-01 03:14:48,651 - Confirmed head angles are within limits, adjusting joint rotation directions
pib_gestures.core - INFO - 2026-07-01 03:14:48,651 - adjusting joint rotation directions complete, setting up pib
pib_gestures.core - INFO - 2026-07-01 03:14:48,651 - setting up pib complete, moving joints
pib_gestures.core - INFO - 2026-07-01 03:14:51,652 - finished


pib_gestures.core - INFO - 2026-07-01 03:14:51,652 - finished


pib_gestures.core - INFO - 2026-07-01 15:48:59,540 - started, calculating center vector
pib_gestures.core - INFO - 2026-07-01 15:48:59,542 - center vector calculation finished, calculating head vector
pib_gestures.core - INFO - 2026-07-01 15:48:59,542 - head vector calculation finished, calculating joint angles
pib_gestures.core - INFO - 2026-07-01 15:48:59,542 - Confirmed head angles are within limits, adjusting joint rotation directions
pib_gestures.core - INFO - 2026-07-01 15:48:59,542 - adjusting joint rotation directions complete, setting up pib
pib_gestures.core - INFO - 2026-07-01 15:48:59,542 - setting up pib complete, moving joints
pib_gestures.core - INFO - 2026-07-01 15:49:02,542 - finished


pib_gestures.core - INFO - 2026-07-01 15:49:02,634 - started, calculating center vector
pib_gestures.core - INFO - 2026-07-01 15:49:02,634 - center vector calculation finished, running gesture choosing logic
pib_gestures.core - INFO - 2026-07-01 15:49:02,635 - gesture set, calculating arm vector
pib_gestures.core - INFO - 2026-07-01 15:49:02,635 - arm vector calculation finished, calculating joint angles
pib_gestures.core - INFO - 2026-07-01 15:49:02,635 - joint angle calculation finished, checking joint angle and distance limits
pib_gestures.core - INFO - 2026-07-01 15:49:02,635 - confirmed arm angles are within limits, adjusting joint rotation directions
pib_gestures.core - INFO - 2026-07-01 15:49:02,635 - adjusting joint rotation directions complete, moving joints
pib_gestures.core - INFO - 2026-07-01 15:49:02,635 - started, calculating center vector
pib_gestures.core - INFO - 2026-07-01 15:49:02,636 - center vector calculation finished, calculating head vector
pib_gestures.core - INFO - 2026-07-01 15:49:02,636 - head vector calculation finished, calculating joint angles
pib_gestures.core - INFO - 2026-07-01 15:49:02,636 - Confirmed head angles are within limits, adjusting joint rotation directions
pib_gestures.core - INFO - 2026-07-01 15:49:02,636 - adjusting joint rotation directions complete, setting up pib
pib_gestures.core - INFO - 2026-07-01 15:49:02,636 - setting up pib complete, moving joints
pib_gestures.core - INFO - 2026-07-01 15:49:05,636 - finished


pib_gestures.core - INFO - 2026-07-01 15:49:05,636 - publishing joint angles
pib_gestures.core - INFO - 2026-07-01 15:49:07,637 - started, calculating center vector
pib_gestures.core - INFO - 2026-07-01 15:49:07,638 - center vector calculation finished, calculating head vector
pib_gestures.core - INFO - 2026-07-01 15:49:07,638 - head vector calculation finished, calculating joint angles
pib_gestures.core - INFO - 2026-07-01 15:49:07,638 - Confirmed head angles are within limits, adjusting joint rotation directions
pib_gestures.core - INFO - 2026-07-01 15:49:07,638 - adjusting joint rotation directions complete, setting up pib
pib_gestures.core - INFO - 2026-07-01 15:49:07,638 - setting up pib complete, moving joints
pib_gestures.core - INFO - 2026-07-01 15:49:10,638 - finished


pib_gestures.core - INFO - 2026-07-01 15:49:10,638 - finished


pib_gestures.core - INFO - 2026-07-01 15:49:19,587 - started, calculating center vector
pib_gestures.core - INFO - 2026-07-01 15:49:19,587 - center vector calculation finished, calculating head vector
pib_gestures.core - INFO - 2026-07-01 15:49:19,588 - head vector calculation finished, calculating joint angles
pib_gestures.core - INFO - 2026-07-01 15:49:19,588 - Confirmed head angles are within limits, adjusting joint rotation directions
pib_gestures.core - INFO - 2026-07-01 15:49:19,588 - adjusting joint rotation directions complete, setting up pib
pib_gestures.core - INFO - 2026-07-01 15:49:19,588 - setting up pib complete, moving joints
pib_gestures.core - INFO - 2026-07-01 15:49:22,588 - finished


pib_gestures.core - INFO - 2026-07-01 15:49:22,598 - started, calculating center vector
pib_gestures.core - INFO - 2026-07-01 15:49:22,598 - center vector calculation finished, running gesture choosing logic
pib_gestures.core - INFO - 2026-07-01 15:49:22,598 - gesture set, calculating arm vector
pib_gestures.core - INFO - 2026-07-01 15:49:22,599 - arm vector calculation finished, calculating joint angles
pib_gestures.core - INFO - 2026-07-01 15:49:22,599 - joint angle calculation finished, checking joint angle and distance limits
pib_gestures.core - INFO - 2026-07-01 15:49:22,599 - confirmed arm angles are within limits, adjusting joint rotation directions
pib_gestures.core - INFO - 2026-07-01 15:49:22,600 - adjusting joint rotation directions complete, moving joints
pib_gestures.core - INFO - 2026-07-01 15:49:22,600 - started, calculating center vector
pib_gestures.core - INFO - 2026-07-01 15:49:22,600 - center vector calculation finished, calculating head vector
pib_gestures.core - INFO - 2026-07-01 15:49:22,600 - head vector calculation finished, calculating joint angles
pib_gestures.core - INFO - 2026-07-01 15:49:22,600 - Confirmed head angles are within limits, adjusting joint rotation directions
pib_gestures.core - INFO - 2026-07-01 15:49:22,600 - adjusting joint rotation directions complete, setting up pib
pib_gestures.core - INFO - 2026-07-01 15:49:22,600 - setting up pib complete, moving joints
pib_gestures.core - INFO - 2026-07-01 15:49:25,600 - finished


pib_gestures.core - INFO - 2026-07-01 15:49:25,601 - publishing joint angles
pib_gestures.core - INFO - 2026-07-01 15:49:28,602 - gesture executed
pib_gestures.core - INFO - 2026-07-01 15:49:28,602 - started, calculating center vector
pib_gestures.core - INFO - 2026-07-01 15:49:28,602 - center vector calculation finished, calculating head vector
pib_gestures.core - INFO - 2026-07-01 15:49:28,602 - head vector calculation finished, calculating joint angles
pib_gestures.core - INFO - 2026-07-01 15:49:28,603 - Confirmed head angles are within limits, adjusting joint rotation directions
pib_gestures.core - INFO - 2026-07-01 15:49:28,603 - adjusting joint rotation directions complete, setting up pib
pib_gestures.core - INFO - 2026-07-01 15:49:28,603 - setting up pib complete, moving joints
pib_gestures.core - INFO - 2026-07-01 15:49:31,603 - finished


pib_gestures.core - INFO - 2026-07-01 15:49:31,603 - finished


pib_gestures.core - INFO - 2026-07-01 15:57:35,697 - started, calculating center vector
pib_gestures.core - INFO - 2026-07-01 15:57:35,697 - center vector calculation finished, calculating head vector
pib_gestures.core - INFO - 2026-07-01 15:57:35,697 - head vector calculation finished, calculating joint angles
pib_gestures.core - INFO - 2026-07-01 15:57:35,698 - Confirmed head angles are within limits, adjusting joint rotation directions
pib_gestures.core - INFO - 2026-07-01 15:57:35,698 - adjusting joint rotation directions complete, setting up pib
pib_gestures.core - INFO - 2026-07-01 15:57:35,698 - setting up pib complete, moving joints
pib_gestures.core - INFO - 2026-07-01 15:57:38,698 - finished


pib_gestures.core - INFO - 2026-07-01 15:57:38,707 - started, calculating center vector
pib_gestures.core - INFO - 2026-07-01 15:57:38,708 - center vector calculation finished, running gesture choosing logic
pib_gestures.core - INFO - 2026-07-01 15:57:38,708 - gesture set, calculating arm vector
pib_gestures.core - INFO - 2026-07-01 15:57:38,708 - arm vector calculation finished, calculating joint angles
pib_gestures.core - INFO - 2026-07-01 15:57:38,708 - joint angle calculation finished, checking joint angle and distance limits
pib_gestures.core - INFO - 2026-07-01 15:57:38,709 - confirmed arm angles are within limits, adjusting joint rotation directions
pib_gestures.core - INFO - 2026-07-01 15:57:38,709 - adjusting joint rotation directions complete, moving joints
pib_gestures.core - INFO - 2026-07-01 15:57:38,709 - started, calculating center vector
pib_gestures.core - INFO - 2026-07-01 15:57:38,709 - center vector calculation finished, calculating head vector
pib_gestures.core - INFO - 2026-07-01 15:57:38,709 - head vector calculation finished, calculating joint angles
pib_gestures.core - INFO - 2026-07-01 15:57:38,709 - Confirmed head angles are within limits, adjusting joint rotation directions
pib_gestures.core - INFO - 2026-07-01 15:57:38,710 - adjusting joint rotation directions complete, setting up pib
pib_gestures.core - INFO - 2026-07-01 15:57:38,710 - setting up pib complete, moving joints
pib_gestures.core - INFO - 2026-07-01 15:57:41,710 - finished


pib_gestures.core - INFO - 2026-07-01 15:57:41,710 - publishing joint angles
pib_gestures.core - INFO - 2026-07-01 15:57:43,710 - started, calculating center vector
pib_gestures.core - INFO - 2026-07-01 15:57:43,711 - center vector calculation finished, calculating head vector
pib_gestures.core - INFO - 2026-07-01 15:57:43,711 - head vector calculation finished, calculating joint angles
pib_gestures.core - INFO - 2026-07-01 15:57:43,711 - Confirmed head angles are within limits, adjusting joint rotation directions
pib_gestures.core - INFO - 2026-07-01 15:57:43,711 - adjusting joint rotation directions complete, setting up pib
pib_gestures.core - INFO - 2026-07-01 15:57:43,711 - setting up pib complete, moving joints
pib_gestures.core - INFO - 2026-07-01 15:57:46,712 - finished


pib_gestures.core - INFO - 2026-07-01 15:57:46,712 - finished


pib_gestures.core - INFO - 2026-07-01 15:57:54,764 - started, calculating center vector
pib_gestures.core - INFO - 2026-07-01 15:57:54,765 - center vector calculation finished, calculating head vector
pib_gestures.core - INFO - 2026-07-01 15:57:54,765 - head vector calculation finished, calculating joint angles
pib_gestures.core - INFO - 2026-07-01 15:57:54,765 - Confirmed head angles are within limits, adjusting joint rotation directions
pib_gestures.core - INFO - 2026-07-01 15:57:54,766 - adjusting joint rotation directions complete, setting up pib
pib_gestures.core - INFO - 2026-07-01 15:57:54,766 - setting up pib complete, moving joints
pib_gestures.core - INFO - 2026-07-01 15:57:57,766 - finished


pib_gestures.core - INFO - 2026-07-01 15:57:57,779 - started, calculating center vector
pib_gestures.core - INFO - 2026-07-01 15:57:57,780 - center vector calculation finished, running gesture choosing logic
pib_gestures.core - INFO - 2026-07-01 15:57:57,780 - gesture set, calculating arm vector
pib_gestures.core - INFO - 2026-07-01 15:57:57,781 - arm vector calculation finished, calculating joint angles
pib_gestures.core - INFO - 2026-07-01 15:57:57,781 - joint angle calculation finished, checking joint angle and distance limits
pib_gestures.core - INFO - 2026-07-01 15:57:57,781 - confirmed arm angles are within limits, adjusting joint rotation directions
pib_gestures.core - INFO - 2026-07-01 15:57:57,781 - adjusting joint rotation directions complete, moving joints
pib_gestures.core - INFO - 2026-07-01 15:57:57,781 - started, calculating center vector
pib_gestures.core - INFO - 2026-07-01 15:57:57,782 - center vector calculation finished, calculating head vector
pib_gestures.core - INFO - 2026-07-01 15:57:57,782 - head vector calculation finished, calculating joint angles
pib_gestures.core - INFO - 2026-07-01 15:57:57,782 - Confirmed head angles are within limits, adjusting joint rotation directions
pib_gestures.core - INFO - 2026-07-01 15:57:57,782 - adjusting joint rotation directions complete, setting up pib
pib_gestures.core - INFO - 2026-07-01 15:57:57,782 - setting up pib complete, moving joints
pib_gestures.core - INFO - 2026-07-01 15:58:00,783 - finished


pib_gestures.core - INFO - 2026-07-01 15:58:00,783 - publishing joint angles
pib_gestures.core - INFO - 2026-07-01 15:58:03,784 - gesture executed
pib_gestures.core - INFO - 2026-07-01 15:58:03,784 - started, calculating center vector
pib_gestures.core - INFO - 2026-07-01 15:58:03,785 - center vector calculation finished, calculating head vector
pib_gestures.core - INFO - 2026-07-01 15:58:03,786 - head vector calculation finished, calculating joint angles
pib_gestures.core - INFO - 2026-07-01 15:58:03,786 - Confirmed head angles are within limits, adjusting joint rotation directions
pib_gestures.core - INFO - 2026-07-01 15:58:03,786 - adjusting joint rotation directions complete, setting up pib
pib_gestures.core - INFO - 2026-07-01 15:58:03,786 - setting up pib complete, moving joints
pib_gestures.core - INFO - 2026-07-01 15:58:06,786 - finished


pib_gestures.core - INFO - 2026-07-01 15:58:06,787 - finished


pib_gestures.core - INFO - 2026-07-01 16:12:04,854 - started, calculating center vector
pib_gestures.core - INFO - 2026-07-01 16:12:04,855 - center vector calculation finished, calculating head vector
pib_gestures.core - INFO - 2026-07-01 16:12:04,855 - head vector calculation finished, calculating joint angles
pib_gestures.core - INFO - 2026-07-01 16:12:04,855 - Confirmed head angles are within limits, adjusting joint rotation directions
pib_gestures.core - INFO - 2026-07-01 16:12:04,855 - adjusting joint rotation directions complete, setting up pib
pib_gestures.core - INFO - 2026-07-01 16:12:04,855 - setting up pib complete, moving joints
pib_gestures.core - INFO - 2026-07-01 16:12:07,855 - finished


pib_gestures.core - INFO - 2026-07-01 16:12:07,865 - started, calculating center vector
pib_gestures.core - INFO - 2026-07-01 16:12:07,866 - center vector calculation finished, running gesture choosing logic
pib_gestures.core - INFO - 2026-07-01 16:12:07,866 - gesture set, calculating arm vector
pib_gestures.core - INFO - 2026-07-01 16:12:07,866 - arm vector calculation finished, calculating joint angles
pib_gestures.core - INFO - 2026-07-01 16:12:07,867 - joint angle calculation finished, checking joint angle and distance limits
pib_gestures.core - INFO - 2026-07-01 16:12:07,867 - confirmed arm angles are within limits, adjusting joint rotation directions
pib_gestures.core - INFO - 2026-07-01 16:12:07,867 - adjusting joint rotation directions complete, moving joints
pib_gestures.core - INFO - 2026-07-01 16:12:07,867 - started, calculating center vector
pib_gestures.core - INFO - 2026-07-01 16:12:07,867 - center vector calculation finished, calculating head vector
pib_gestures.core - INFO - 2026-07-01 16:12:07,868 - head vector calculation finished, calculating joint angles
pib_gestures.core - INFO - 2026-07-01 16:12:07,868 - Confirmed head angles are within limits, adjusting joint rotation directions
pib_gestures.core - INFO - 2026-07-01 16:12:07,868 - adjusting joint rotation directions complete, setting up pib
pib_gestures.core - INFO - 2026-07-01 16:12:07,868 - setting up pib complete, moving joints
pib_gestures.core - INFO - 2026-07-01 16:12:10,868 - finished


pib_gestures.core - INFO - 2026-07-01 16:12:10,868 - publishing joint angles
pib_gestures.core - INFO - 2026-07-01 16:12:12,868 - started, calculating center vector
pib_gestures.core - INFO - 2026-07-01 16:12:12,869 - center vector calculation finished, calculating head vector
pib_gestures.core - INFO - 2026-07-01 16:12:12,869 - head vector calculation finished, calculating joint angles
pib_gestures.core - INFO - 2026-07-01 16:12:12,869 - Confirmed head angles are within limits, adjusting joint rotation directions
pib_gestures.core - INFO - 2026-07-01 16:12:12,869 - adjusting joint rotation directions complete, setting up pib
pib_gestures.core - INFO - 2026-07-01 16:12:12,869 - setting up pib complete, moving joints
pib_gestures.core - INFO - 2026-07-01 16:12:15,870 - finished


pib_gestures.core - INFO - 2026-07-01 16:12:15,870 - finished


pib_gestures.core - INFO - 2026-07-01 16:13:26,126 - started, calculating center vector
pib_gestures.core - INFO - 2026-07-01 16:13:26,126 - center vector calculation finished, calculating head vector
pib_gestures.core - INFO - 2026-07-01 16:13:26,127 - head vector calculation finished, calculating joint angles
pib_gestures.core - INFO - 2026-07-01 16:13:26,127 - Confirmed head angles are within limits, adjusting joint rotation directions
pib_gestures.core - INFO - 2026-07-01 16:13:26,127 - adjusting joint rotation directions complete, setting up pib
pib_gestures.core - INFO - 2026-07-01 16:13:26,127 - setting up pib complete, moving joints
pib_gestures.core - INFO - 2026-07-01 16:13:29,127 - finished


pib_gestures.core - INFO - 2026-07-01 16:13:29,136 - started, calculating center vector
pib_gestures.core - INFO - 2026-07-01 16:13:29,137 - center vector calculation finished, running gesture choosing logic
pib_gestures.core - INFO - 2026-07-01 16:13:29,137 - gesture set, calculating arm vector
pib_gestures.core - INFO - 2026-07-01 16:13:29,137 - arm vector calculation finished, calculating joint angles
pib_gestures.core - INFO - 2026-07-01 16:13:29,137 - joint angle calculation finished, checking joint angle and distance limits
pib_gestures.core - INFO - 2026-07-01 16:13:29,137 - confirmed arm angles are within limits, adjusting joint rotation directions
pib_gestures.core - INFO - 2026-07-01 16:13:29,138 - adjusting joint rotation directions complete, moving joints
pib_gestures.core - INFO - 2026-07-01 16:13:29,138 - started, calculating center vector
pib_gestures.core - INFO - 2026-07-01 16:13:29,138 - center vector calculation finished, calculating head vector
pib_gestures.core - INFO - 2026-07-01 16:13:29,138 - head vector calculation finished, calculating joint angles
pib_gestures.core - INFO - 2026-07-01 16:13:29,138 - Confirmed head angles are within limits, adjusting joint rotation directions
pib_gestures.core - INFO - 2026-07-01 16:13:29,138 - adjusting joint rotation directions complete, setting up pib
pib_gestures.core - INFO - 2026-07-01 16:13:29,138 - setting up pib complete, moving joints
pib_gestures.core - INFO - 2026-07-01 16:13:32,138 - finished


pib_gestures.core - INFO - 2026-07-01 16:13:32,139 - publishing joint angles
pib_gestures.core - INFO - 2026-07-01 16:13:34,139 - started, calculating center vector
pib_gestures.core - INFO - 2026-07-01 16:13:34,139 - center vector calculation finished, calculating head vector
pib_gestures.core - INFO - 2026-07-01 16:13:34,140 - head vector calculation finished, calculating joint angles
pib_gestures.core - INFO - 2026-07-01 16:13:34,140 - Confirmed head angles are within limits, adjusting joint rotation directions
pib_gestures.core - INFO - 2026-07-01 16:13:34,140 - adjusting joint rotation directions complete, setting up pib
pib_gestures.core - INFO - 2026-07-01 16:13:34,140 - setting up pib complete, moving joints
pib_gestures.core - INFO - 2026-07-01 16:13:37,140 - finished


pib_gestures.core - INFO - 2026-07-01 16:13:37,140 - finished


pib_gestures.core - INFO - 2026-07-01 16:18:31,063 - started, calculating center vector
pib_gestures.core - INFO - 2026-07-01 16:18:31,064 - center vector calculation finished, calculating head vector
pib_gestures.core - INFO - 2026-07-01 16:18:31,064 - head vector calculation finished, calculating joint angles
pib_gestures.core - INFO - 2026-07-01 16:18:31,064 - Confirmed head angles are within limits, adjusting joint rotation directions
pib_gestures.core - INFO - 2026-07-01 16:18:31,064 - adjusting joint rotation directions complete, setting up pib
pib_gestures.core - INFO - 2026-07-01 16:18:31,064 - setting up pib complete, moving joints
pib_gestures.core - INFO - 2026-07-01 16:18:34,064 - finished


pib_gestures.core - INFO - 2026-07-01 16:18:34,073 - started, calculating center vector
pib_gestures.core - INFO - 2026-07-01 16:18:34,073 - center vector calculation finished, running gesture choosing logic
pib_gestures.core - INFO - 2026-07-01 16:18:34,074 - gesture set, calculating arm vector
pib_gestures.core - INFO - 2026-07-01 16:18:34,074 - arm vector calculation finished, calculating joint angles
pib_gestures.core - INFO - 2026-07-01 16:18:34,074 - joint angle calculation finished, checking joint angle and distance limits
pib_gestures.core - INFO - 2026-07-01 16:18:34,074 - confirmed arm angles are within limits, adjusting joint rotation directions
pib_gestures.core - INFO - 2026-07-01 16:18:34,074 - adjusting joint rotation directions complete, moving joints
pib_gestures.core - INFO - 2026-07-01 16:18:34,074 - started, calculating center vector
pib_gestures.core - INFO - 2026-07-01 16:18:34,075 - center vector calculation finished, calculating head vector
pib_gestures.core - INFO - 2026-07-01 16:18:34,075 - head vector calculation finished, calculating joint angles
pib_gestures.core - INFO - 2026-07-01 16:18:34,075 - Confirmed head angles are within limits, adjusting joint rotation directions
pib_gestures.core - INFO - 2026-07-01 16:18:34,075 - adjusting joint rotation directions complete, setting up pib
pib_gestures.core - INFO - 2026-07-01 16:18:34,075 - setting up pib complete, moving joints
pib_gestures.core - INFO - 2026-07-01 16:18:37,075 - finished


pib_gestures.core - INFO - 2026-07-01 16:18:37,075 - publishing joint angles
pib_gestures.core - INFO - 2026-07-01 16:18:39,076 - started, calculating center vector
pib_gestures.core - INFO - 2026-07-01 16:18:39,076 - center vector calculation finished, calculating head vector
pib_gestures.core - INFO - 2026-07-01 16:18:39,077 - head vector calculation finished, calculating joint angles
pib_gestures.core - INFO - 2026-07-01 16:18:39,077 - Confirmed head angles are within limits, adjusting joint rotation directions
pib_gestures.core - INFO - 2026-07-01 16:18:39,077 - adjusting joint rotation directions complete, setting up pib
pib_gestures.core - INFO - 2026-07-01 16:18:39,077 - setting up pib complete, moving joints
pib_gestures.core - INFO - 2026-07-01 16:18:42,077 - finished


pib_gestures.core - INFO - 2026-07-01 16:18:42,078 - finished


pib_gestures.core - INFO - 2026-07-01 16:19:50,386 - started, calculating center vector
pib_gestures.core - INFO - 2026-07-01 16:19:50,387 - center vector calculation finished, calculating head vector
pib_gestures.core - INFO - 2026-07-01 16:19:50,388 - head vector calculation finished, calculating joint angles
pib_gestures.core - INFO - 2026-07-01 16:19:50,388 - Confirmed head angles are within limits, adjusting joint rotation directions
pib_gestures.core - INFO - 2026-07-01 16:19:50,388 - adjusting joint rotation directions complete, setting up pib
pib_gestures.core - INFO - 2026-07-01 16:19:50,388 - setting up pib complete, moving joints
pib_gestures.core - INFO - 2026-07-01 16:19:53,388 - finished


pib_gestures.core - INFO - 2026-07-01 16:19:53,397 - started, calculating center vector
pib_gestures.core - INFO - 2026-07-01 16:19:53,397 - center vector calculation finished, running gesture choosing logic
pib_gestures.core - INFO - 2026-07-01 16:19:53,397 - gesture set, calculating arm vector
pib_gestures.core - INFO - 2026-07-01 16:19:53,397 - arm vector calculation finished, calculating joint angles
pib_gestures.core - INFO - 2026-07-01 16:19:53,398 - joint angle calculation finished, checking joint angle and distance limits
pib_gestures.core - INFO - 2026-07-01 16:19:53,398 - confirmed arm angles are within limits, adjusting joint rotation directions
pib_gestures.core - INFO - 2026-07-01 16:19:53,398 - adjusting joint rotation directions complete, moving joints
pib_gestures.core - INFO - 2026-07-01 16:19:53,398 - started, calculating center vector
pib_gestures.core - INFO - 2026-07-01 16:19:53,398 - center vector calculation finished, calculating head vector
pib_gestures.core - INFO - 2026-07-01 16:19:53,399 - head vector calculation finished, calculating joint angles
pib_gestures.core - INFO - 2026-07-01 16:19:53,399 - Confirmed head angles are within limits, adjusting joint rotation directions
pib_gestures.core - INFO - 2026-07-01 16:19:53,399 - adjusting joint rotation directions complete, setting up pib
pib_gestures.core - INFO - 2026-07-01 16:19:53,399 - setting up pib complete, moving joints
pib_gestures.core - INFO - 2026-07-01 16:19:56,399 - finished


pib_gestures.core - INFO - 2026-07-01 16:19:56,399 - publishing joint angles
pib_gestures.core - INFO - 2026-07-01 16:19:58,400 - started, calculating center vector
pib_gestures.core - INFO - 2026-07-01 16:19:58,400 - center vector calculation finished, calculating head vector
pib_gestures.core - INFO - 2026-07-01 16:19:58,400 - head vector calculation finished, calculating joint angles
pib_gestures.core - INFO - 2026-07-01 16:19:58,400 - Confirmed head angles are within limits, adjusting joint rotation directions
pib_gestures.core - INFO - 2026-07-01 16:19:58,400 - adjusting joint rotation directions complete, setting up pib
pib_gestures.core - INFO - 2026-07-01 16:19:58,401 - setting up pib complete, moving joints
pib_gestures.core - INFO - 2026-07-01 16:20:01,401 - finished


pib_gestures.core - INFO - 2026-07-01 16:20:01,401 - finished


pib_gestures.core - INFO - 2026-07-01 16:33:41,079 - started, calculating center vector
pib_gestures.core - INFO - 2026-07-01 16:33:41,080 - center vector calculation finished, calculating head vector
pib_gestures.core - INFO - 2026-07-01 16:33:41,081 - head vector calculation finished, calculating joint angles
pib_gestures.core - INFO - 2026-07-01 16:33:41,082 - Confirmed head angles are within limits, adjusting joint rotation directions
pib_gestures.core - INFO - 2026-07-01 16:33:41,082 - adjusting joint rotation directions complete, setting up pib
pib_gestures.core - INFO - 2026-07-01 16:33:41,082 - setting up pib complete, moving joints
pib_gestures.core - INFO - 2026-07-01 16:33:44,082 - finished


pib_gestures.core - INFO - 2026-07-01 16:33:44,128 - started, calculating center vector
pib_gestures.core - INFO - 2026-07-01 16:33:44,130 - center vector calculation finished, running gesture choosing logic
pib_gestures.core - INFO - 2026-07-01 16:33:44,130 - gesture set, calculating arm vector
pib_gestures.core - INFO - 2026-07-01 16:33:44,131 - arm vector calculation finished, calculating joint angles
pib_gestures.core - INFO - 2026-07-01 16:33:44,132 - joint angle calculation finished, checking joint angle and distance limits
pib_gestures.core - INFO - 2026-07-01 16:33:44,133 - confirmed arm angles are within limits, adjusting joint rotation directions
pib_gestures.core - INFO - 2026-07-01 16:33:44,133 - adjusting joint rotation directions complete, moving joints
pib_gestures.core - INFO - 2026-07-01 16:33:44,133 - started, calculating center vector
pib_gestures.core - INFO - 2026-07-01 16:33:44,134 - center vector calculation finished, calculating head vector
pib_gestures.core - INFO - 2026-07-01 16:33:44,135 - head vector calculation finished, calculating joint angles
pib_gestures.core - INFO - 2026-07-01 16:33:44,135 - Confirmed head angles are within limits, adjusting joint rotation directions
pib_gestures.core - INFO - 2026-07-01 16:33:44,136 - adjusting joint rotation directions complete, setting up pib
pib_gestures.core - INFO - 2026-07-01 16:33:44,136 - setting up pib complete, moving joints
pib_gestures.core - INFO - 2026-07-01 16:33:47,136 - finished


pib_gestures.core - INFO - 2026-07-01 16:33:47,136 - publishing joint angles
pib_gestures.core - INFO - 2026-07-01 16:33:49,137 - started, calculating center vector
pib_gestures.core - INFO - 2026-07-01 16:33:49,138 - center vector calculation finished, calculating head vector
pib_gestures.core - INFO - 2026-07-01 16:33:49,139 - head vector calculation finished, calculating joint angles
pib_gestures.core - INFO - 2026-07-01 16:33:49,139 - Confirmed head angles are within limits, adjusting joint rotation directions
pib_gestures.core - INFO - 2026-07-01 16:33:49,140 - adjusting joint rotation directions complete, setting up pib
pib_gestures.core - INFO - 2026-07-01 16:33:49,140 - setting up pib complete, moving joints
pib_gestures.core - INFO - 2026-07-01 16:33:52,140 - finished


pib_gestures.core - INFO - 2026-07-01 16:33:52,140 - finished


pib_gestures.core - INFO - 2026-07-01 16:36:49,429 - started, calculating center vector
pib_gestures.core - INFO - 2026-07-01 16:36:49,432 - center vector calculation finished, calculating head vector
pib_gestures.core - INFO - 2026-07-01 16:36:49,433 - head vector calculation finished, calculating joint angles
pib_gestures.core - INFO - 2026-07-01 16:36:49,434 - Confirmed head angles are within limits, adjusting joint rotation directions
pib_gestures.core - INFO - 2026-07-01 16:36:49,434 - adjusting joint rotation directions complete, setting up pib
pib_gestures.core - INFO - 2026-07-01 16:36:49,434 - setting up pib complete, moving joints
pib_gestures.core - INFO - 2026-07-01 16:36:52,434 - finished


pib_gestures.core - INFO - 2026-07-01 16:36:52,441 - started, calculating center vector
pib_gestures.core - INFO - 2026-07-01 16:36:52,441 - center vector calculation finished, running gesture choosing logic
pib_gestures.core - INFO - 2026-07-01 16:36:52,441 - gesture set, calculating arm vector
pib_gestures.core - INFO - 2026-07-01 16:36:52,442 - arm vector calculation finished, calculating joint angles
pib_gestures.core - INFO - 2026-07-01 16:36:52,442 - joint angle calculation finished, checking joint angle and distance limits
pib_gestures.core - INFO - 2026-07-01 16:36:52,442 - confirmed arm angles are within limits, adjusting joint rotation directions
pib_gestures.core - INFO - 2026-07-01 16:36:52,442 - adjusting joint rotation directions complete, moving joints
pib_gestures.core - INFO - 2026-07-01 16:36:52,442 - started, calculating center vector
pib_gestures.core - INFO - 2026-07-01 16:36:52,443 - center vector calculation finished, calculating head vector
pib_gestures.core - INFO - 2026-07-01 16:36:52,443 - head vector calculation finished, calculating joint angles
pib_gestures.core - INFO - 2026-07-01 16:36:52,444 - Confirmed head angles are within limits, adjusting joint rotation directions
pib_gestures.core - INFO - 2026-07-01 16:36:52,444 - adjusting joint rotation directions complete, setting up pib
pib_gestures.core - INFO - 2026-07-01 16:36:52,444 - setting up pib complete, moving joints
pib_gestures.core - INFO - 2026-07-01 16:36:55,444 - finished


pib_gestures.core - INFO - 2026-07-01 16:36:55,444 - publishing joint angles
pib_gestures.core - INFO - 2026-07-01 16:36:57,445 - started, calculating center vector
pib_gestures.core - INFO - 2026-07-01 16:36:57,447 - center vector calculation finished, calculating head vector
pib_gestures.core - INFO - 2026-07-01 16:36:57,448 - head vector calculation finished, calculating joint angles
pib_gestures.core - INFO - 2026-07-01 16:36:57,449 - Confirmed head angles are within limits, adjusting joint rotation directions
pib_gestures.core - INFO - 2026-07-01 16:36:57,449 - adjusting joint rotation directions complete, setting up pib
pib_gestures.core - INFO - 2026-07-01 16:36:57,449 - setting up pib complete, moving joints
pib_gestures.core - INFO - 2026-07-01 16:37:00,449 - finished


pib_gestures.core - INFO - 2026-07-01 16:37:00,450 - finished


pib_gestures.core - INFO - 2026-07-01 16:37:09,424 - started, calculating center vector
pib_gestures.core - INFO - 2026-07-01 16:37:09,425 - center vector calculation finished, calculating head vector
pib_gestures.core - INFO - 2026-07-01 16:37:09,426 - head vector calculation finished, calculating joint angles
pib_gestures.core - INFO - 2026-07-01 16:37:09,427 - Confirmed head angles are within limits, adjusting joint rotation directions
pib_gestures.core - INFO - 2026-07-01 16:37:09,427 - adjusting joint rotation directions complete, setting up pib
pib_gestures.core - INFO - 2026-07-01 16:37:09,427 - setting up pib complete, moving joints
pib_gestures.core - INFO - 2026-07-01 16:37:12,427 - finished


pib_gestures.core - INFO - 2026-07-01 16:37:12,440 - started, calculating center vector
pib_gestures.core - INFO - 2026-07-01 16:37:12,442 - center vector calculation finished, running gesture choosing logic
pib_gestures.core - INFO - 2026-07-01 16:37:12,442 - gesture set, calculating arm vector
pib_gestures.core - INFO - 2026-07-01 16:37:12,443 - arm vector calculation finished, calculating joint angles
pib_gestures.core - INFO - 2026-07-01 16:37:12,443 - joint angle calculation finished, checking joint angle and distance limits
pib_gestures.core - INFO - 2026-07-01 16:37:12,444 - confirmed arm angles are within limits, adjusting joint rotation directions
pib_gestures.core - INFO - 2026-07-01 16:37:12,444 - adjusting joint rotation directions complete, moving joints
pib_gestures.core - INFO - 2026-07-01 16:37:12,445 - started, calculating center vector
pib_gestures.core - INFO - 2026-07-01 16:37:12,446 - center vector calculation finished, calculating head vector
pib_gestures.core - INFO - 2026-07-01 16:37:12,447 - head vector calculation finished, calculating joint angles
pib_gestures.core - INFO - 2026-07-01 16:37:12,447 - Confirmed head angles are within limits, adjusting joint rotation directions
pib_gestures.core - INFO - 2026-07-01 16:37:12,447 - adjusting joint rotation directions complete, setting up pib
pib_gestures.core - INFO - 2026-07-01 16:37:12,448 - setting up pib complete, moving joints
pib_gestures.core - INFO - 2026-07-01 16:37:15,448 - finished


pib_gestures.core - INFO - 2026-07-01 16:37:15,448 - publishing joint angles
pib_gestures.core - INFO - 2026-07-01 16:37:18,450 - gesture executed
pib_gestures.core - INFO - 2026-07-01 16:37:18,450 - started, calculating center vector
pib_gestures.core - INFO - 2026-07-01 16:37:18,452 - center vector calculation finished, calculating head vector
pib_gestures.core - INFO - 2026-07-01 16:37:18,452 - head vector calculation finished, calculating joint angles
pib_gestures.core - INFO - 2026-07-01 16:37:18,453 - Confirmed head angles are within limits, adjusting joint rotation directions
pib_gestures.core - INFO - 2026-07-01 16:37:18,453 - adjusting joint rotation directions complete, setting up pib
pib_gestures.core - INFO - 2026-07-01 16:37:18,453 - setting up pib complete, moving joints
pib_gestures.core - INFO - 2026-07-01 16:37:21,454 - finished


pib_gestures.core - INFO - 2026-07-01 16:37:21,454 - finished


pib_gestures.core - INFO - 2026-07-01 16:55:07,409 - started, calculating center vector
pib_gestures.core - INFO - 2026-07-01 16:55:07,410 - center vector calculation finished, calculating head vector
pib_gestures.core - INFO - 2026-07-01 16:55:07,410 - head vector calculation finished, calculating joint angles
pib_gestures.core - INFO - 2026-07-01 16:55:07,410 - Confirmed head angles are within limits, adjusting joint rotation directions
pib_gestures.core - INFO - 2026-07-01 16:55:07,411 - adjusting joint rotation directions complete, setting up pib
pib_gestures.core - INFO - 2026-07-01 16:55:07,411 - setting up pib complete, moving joints
pib_gestures.core - INFO - 2026-07-01 16:55:10,411 - finished


pib_gestures.core - INFO - 2026-07-01 16:55:10,504 - started, calculating center vector
pib_gestures.core - INFO - 2026-07-01 16:55:10,505 - center vector calculation finished, running gesture choosing logic
pib_gestures.core - INFO - 2026-07-01 16:55:10,505 - gesture set, calculating arm vector
pib_gestures.core - INFO - 2026-07-01 16:55:10,505 - arm vector calculation finished, calculating joint angles
pib_gestures.core - INFO - 2026-07-01 16:55:10,505 - joint angle calculation finished, checking joint angle and distance limits
pib_gestures.core - INFO - 2026-07-01 16:55:10,506 - confirmed arm angles are within limits, adjusting joint rotation directions
pib_gestures.core - INFO - 2026-07-01 16:55:10,506 - adjusting joint rotation directions complete, moving joints
pib_gestures.core - INFO - 2026-07-01 16:55:10,506 - started, calculating center vector
pib_gestures.core - INFO - 2026-07-01 16:55:10,506 - center vector calculation finished, calculating head vector
pib_gestures.core - INFO - 2026-07-01 16:55:10,506 - head vector calculation finished, calculating joint angles
pib_gestures.core - INFO - 2026-07-01 16:55:10,506 - Confirmed head angles are within limits, adjusting joint rotation directions
pib_gestures.core - INFO - 2026-07-01 16:55:10,506 - adjusting joint rotation directions complete, setting up pib
pib_gestures.core - INFO - 2026-07-01 16:55:10,506 - setting up pib complete, moving joints
pib_gestures.core - INFO - 2026-07-01 16:55:13,507 - finished


pib_gestures.core - INFO - 2026-07-01 16:55:13,507 - publishing joint angles
pib_gestures.core - INFO - 2026-07-01 16:55:15,507 - started, calculating center vector
pib_gestures.core - INFO - 2026-07-01 16:55:15,508 - center vector calculation finished, calculating head vector
pib_gestures.core - INFO - 2026-07-01 16:55:15,508 - head vector calculation finished, calculating joint angles
pib_gestures.core - INFO - 2026-07-01 16:55:15,508 - Confirmed head angles are within limits, adjusting joint rotation directions
pib_gestures.core - INFO - 2026-07-01 16:55:15,508 - adjusting joint rotation directions complete, setting up pib
pib_gestures.core - INFO - 2026-07-01 16:55:15,508 - setting up pib complete, moving joints
pib_gestures.core - INFO - 2026-07-01 16:55:18,509 - finished


pib_gestures.core - INFO - 2026-07-01 16:55:18,509 - finished


pib_gestures.core - INFO - 2026-07-01 16:55:26,550 - started, calculating center vector
pib_gestures.core - INFO - 2026-07-01 16:55:26,550 - center vector calculation finished, calculating head vector
pib_gestures.core - INFO - 2026-07-01 16:55:26,550 - head vector calculation finished, calculating joint angles
pib_gestures.core - INFO - 2026-07-01 16:55:26,550 - Confirmed head angles are within limits, adjusting joint rotation directions
pib_gestures.core - INFO - 2026-07-01 16:55:26,550 - adjusting joint rotation directions complete, setting up pib
pib_gestures.core - INFO - 2026-07-01 16:55:26,551 - setting up pib complete, moving joints
pib_gestures.core - INFO - 2026-07-01 16:55:29,551 - finished


pib_gestures.core - INFO - 2026-07-01 16:55:29,558 - started, calculating center vector
pib_gestures.core - INFO - 2026-07-01 16:55:29,559 - center vector calculation finished, running gesture choosing logic
pib_gestures.core - INFO - 2026-07-01 16:55:29,559 - gesture set, calculating arm vector
pib_gestures.core - INFO - 2026-07-01 16:55:29,559 - arm vector calculation finished, calculating joint angles
pib_gestures.core - INFO - 2026-07-01 16:55:29,559 - joint angle calculation finished, checking joint angle and distance limits
pib_gestures.core - INFO - 2026-07-01 16:55:29,560 - confirmed arm angles are within limits, adjusting joint rotation directions
pib_gestures.core - INFO - 2026-07-01 16:55:29,560 - adjusting joint rotation directions complete, moving joints
pib_gestures.core - INFO - 2026-07-01 16:55:29,560 - started, calculating center vector
pib_gestures.core - INFO - 2026-07-01 16:55:29,560 - center vector calculation finished, calculating head vector
pib_gestures.core - INFO - 2026-07-01 16:55:29,560 - head vector calculation finished, calculating joint angles
pib_gestures.core - INFO - 2026-07-01 16:55:29,560 - Confirmed head angles are within limits, adjusting joint rotation directions
pib_gestures.core - INFO - 2026-07-01 16:55:29,560 - adjusting joint rotation directions complete, setting up pib
pib_gestures.core - INFO - 2026-07-01 16:55:29,560 - setting up pib complete, moving joints
pib_gestures.core - INFO - 2026-07-01 16:55:32,560 - finished


pib_gestures.core - INFO - 2026-07-01 16:55:32,560 - publishing joint angles
pib_gestures.core - INFO - 2026-07-01 16:55:35,561 - gesture executed
pib_gestures.core - INFO - 2026-07-01 16:55:35,561 - started, calculating center vector
pib_gestures.core - INFO - 2026-07-01 16:55:35,561 - center vector calculation finished, calculating head vector
pib_gestures.core - INFO - 2026-07-01 16:55:35,562 - head vector calculation finished, calculating joint angles
pib_gestures.core - INFO - 2026-07-01 16:55:35,562 - Confirmed head angles are within limits, adjusting joint rotation directions
pib_gestures.core - INFO - 2026-07-01 16:55:35,562 - adjusting joint rotation directions complete, setting up pib
pib_gestures.core - INFO - 2026-07-01 16:55:35,562 - setting up pib complete, moving joints
pib_gestures.core - INFO - 2026-07-01 16:55:38,562 - finished


pib_gestures.core - INFO - 2026-07-01 16:55:38,562 - finished


pib_gestures.core - INFO - 2026-07-01 16:55:56,795 - started, calculating center vector
pib_gestures.core - INFO - 2026-07-01 16:55:56,796 - center vector calculation finished, calculating head vector
pib_gestures.core - INFO - 2026-07-01 16:55:56,796 - head vector calculation finished, calculating joint angles
pib_gestures.core - INFO - 2026-07-01 16:55:56,797 - Confirmed head angles are within limits, adjusting joint rotation directions
pib_gestures.core - INFO - 2026-07-01 16:55:56,797 - adjusting joint rotation directions complete, setting up pib
pib_gestures.core - INFO - 2026-07-01 16:55:56,797 - setting up pib complete, moving joints
pib_gestures.core - INFO - 2026-07-01 16:55:59,797 - finished


pib_gestures.core - INFO - 2026-07-01 16:55:59,806 - started, calculating center vector
pib_gestures.core - INFO - 2026-07-01 16:55:59,807 - center vector calculation finished, running gesture choosing logic
pib_gestures.core - INFO - 2026-07-01 16:55:59,807 - gesture set, calculating arm vector
pib_gestures.core - INFO - 2026-07-01 16:55:59,808 - arm vector calculation finished, calculating joint angles
pib_gestures.core - INFO - 2026-07-01 16:55:59,808 - joint angle calculation finished, checking joint angle and distance limits
pib_gestures.core - INFO - 2026-07-01 16:55:59,808 - confirmed arm angles are within limits, adjusting joint rotation directions
pib_gestures.core - INFO - 2026-07-01 16:55:59,808 - adjusting joint rotation directions complete, moving joints
pib_gestures.core - INFO - 2026-07-01 16:55:59,808 - started, calculating center vector
pib_gestures.core - INFO - 2026-07-01 16:55:59,808 - center vector calculation finished, calculating head vector
pib_gestures.core - INFO - 2026-07-01 16:55:59,809 - head vector calculation finished, calculating joint angles
pib_gestures.core - INFO - 2026-07-01 16:55:59,809 - Confirmed head angles are within limits, adjusting joint rotation directions
pib_gestures.core - INFO - 2026-07-01 16:55:59,809 - adjusting joint rotation directions complete, setting up pib
pib_gestures.core - INFO - 2026-07-01 16:55:59,809 - setting up pib complete, moving joints
pib_gestures.core - INFO - 2026-07-01 16:56:02,809 - finished


pib_gestures.core - INFO - 2026-07-01 16:56:02,809 - publishing joint angles
pib_gestures.core - INFO - 2026-07-01 16:56:04,809 - started, calculating center vector
pib_gestures.core - INFO - 2026-07-01 16:56:04,810 - center vector calculation finished, calculating head vector
pib_gestures.core - INFO - 2026-07-01 16:56:04,810 - head vector calculation finished, calculating joint angles
pib_gestures.core - INFO - 2026-07-01 16:56:04,810 - Confirmed head angles are within limits, adjusting joint rotation directions
pib_gestures.core - INFO - 2026-07-01 16:56:04,810 - adjusting joint rotation directions complete, setting up pib
pib_gestures.core - INFO - 2026-07-01 16:56:04,810 - setting up pib complete, moving joints
pib_gestures.core - INFO - 2026-07-01 16:56:07,811 - finished


pib_gestures.core - INFO - 2026-07-01 16:56:07,811 - finished


pib_gestures.core - INFO - 2026-07-01 16:59:09,825 - started, calculating center vector
pib_gestures.core - INFO - 2026-07-01 16:59:09,826 - center vector calculation finished, calculating head vector
pib_gestures.core - INFO - 2026-07-01 16:59:09,826 - head vector calculation finished, calculating joint angles
pib_gestures.core - INFO - 2026-07-01 16:59:09,826 - Confirmed head angles are within limits, adjusting joint rotation directions
pib_gestures.core - INFO - 2026-07-01 16:59:09,826 - adjusting joint rotation directions complete, setting up pib
pib_gestures.core - INFO - 2026-07-01 16:59:09,826 - setting up pib complete, moving joints
pib_gestures.core - INFO - 2026-07-01 16:59:12,826 - finished


pib_gestures.core - INFO - 2026-07-01 16:59:12,920 - started, calculating center vector
pib_gestures.core - INFO - 2026-07-01 16:59:12,921 - center vector calculation finished, running gesture choosing logic
pib_gestures.core - INFO - 2026-07-01 16:59:12,921 - gesture set, calculating arm vector
pib_gestures.core - INFO - 2026-07-01 16:59:12,922 - arm vector calculation finished, calculating joint angles
pib_gestures.core - INFO - 2026-07-01 16:59:12,922 - joint angle calculation finished, checking joint angle and distance limits
pib_gestures.core - INFO - 2026-07-01 16:59:12,922 - confirmed arm angles are within limits, adjusting joint rotation directions
pib_gestures.core - INFO - 2026-07-01 16:59:12,922 - adjusting joint rotation directions complete, moving joints
pib_gestures.core - INFO - 2026-07-01 16:59:12,923 - started, calculating center vector
pib_gestures.core - INFO - 2026-07-01 16:59:12,923 - center vector calculation finished, calculating head vector
pib_gestures.core - INFO - 2026-07-01 16:59:12,924 - head vector calculation finished, calculating joint angles
pib_gestures.core - INFO - 2026-07-01 16:59:12,924 - Confirmed head angles are within limits, adjusting joint rotation directions
pib_gestures.core - INFO - 2026-07-01 16:59:12,924 - adjusting joint rotation directions complete, setting up pib
pib_gestures.core - INFO - 2026-07-01 16:59:12,924 - setting up pib complete, moving joints
pib_gestures.core - INFO - 2026-07-01 16:59:15,924 - finished


pib_gestures.core - INFO - 2026-07-01 16:59:15,924 - publishing joint angles
pib_gestures.core - INFO - 2026-07-01 16:59:17,924 - started, calculating center vector
pib_gestures.core - INFO - 2026-07-01 16:59:17,925 - center vector calculation finished, calculating head vector
pib_gestures.core - INFO - 2026-07-01 16:59:17,925 - head vector calculation finished, calculating joint angles
pib_gestures.core - INFO - 2026-07-01 16:59:17,925 - Confirmed head angles are within limits, adjusting joint rotation directions
pib_gestures.core - INFO - 2026-07-01 16:59:17,925 - adjusting joint rotation directions complete, setting up pib
pib_gestures.core - INFO - 2026-07-01 16:59:17,925 - setting up pib complete, moving joints
pib_gestures.core - INFO - 2026-07-01 16:59:20,925 - finished


pib_gestures.core - INFO - 2026-07-01 16:59:20,926 - finished


pib_gestures.core - INFO - 2026-07-01 17:01:24,054 - started, calculating center vector
pib_gestures.core - INFO - 2026-07-01 17:01:24,054 - center vector calculation finished, calculating head vector
pib_gestures.core - INFO - 2026-07-01 17:01:24,054 - head vector calculation finished, calculating joint angles
pib_gestures.core - INFO - 2026-07-01 17:01:24,055 - Confirmed head angles are within limits, adjusting joint rotation directions
pib_gestures.core - INFO - 2026-07-01 17:01:24,055 - adjusting joint rotation directions complete, setting up pib
pib_gestures.core - INFO - 2026-07-01 17:01:24,055 - setting up pib complete, moving joints
pib_gestures.core - INFO - 2026-07-01 17:01:27,055 - finished


pib_gestures.core - INFO - 2026-07-01 17:01:27,065 - started, calculating center vector
pib_gestures.core - INFO - 2026-07-01 17:01:27,065 - center vector calculation finished, running gesture choosing logic
pib_gestures.core - INFO - 2026-07-01 17:01:27,065 - gesture set, calculating arm vector
pib_gestures.core - INFO - 2026-07-01 17:01:27,066 - arm vector calculation finished, calculating joint angles
pib_gestures.core - INFO - 2026-07-01 17:01:27,066 - joint angle calculation finished, checking joint angle and distance limits
pib_gestures.core - INFO - 2026-07-01 17:01:27,066 - confirmed arm angles are within limits, adjusting joint rotation directions
pib_gestures.core - INFO - 2026-07-01 17:01:27,066 - adjusting joint rotation directions complete, moving joints
pib_gestures.core - INFO - 2026-07-01 17:01:27,066 - started, calculating center vector
pib_gestures.core - INFO - 2026-07-01 17:01:27,067 - center vector calculation finished, calculating head vector
pib_gestures.core - INFO - 2026-07-01 17:01:27,067 - head vector calculation finished, calculating joint angles
pib_gestures.core - INFO - 2026-07-01 17:01:27,067 - Confirmed head angles are within limits, adjusting joint rotation directions
pib_gestures.core - INFO - 2026-07-01 17:01:27,067 - adjusting joint rotation directions complete, setting up pib
pib_gestures.core - INFO - 2026-07-01 17:01:27,067 - setting up pib complete, moving joints
pib_gestures.core - INFO - 2026-07-01 17:01:30,068 - finished


pib_gestures.core - INFO - 2026-07-01 17:01:30,068 - publishing joint angles
pib_gestures.core - INFO - 2026-07-01 17:01:32,068 - started, calculating center vector
pib_gestures.core - INFO - 2026-07-01 17:01:32,068 - center vector calculation finished, calculating head vector
pib_gestures.core - INFO - 2026-07-01 17:01:32,068 - head vector calculation finished, calculating joint angles
pib_gestures.core - INFO - 2026-07-01 17:01:32,069 - Confirmed head angles are within limits, adjusting joint rotation directions
pib_gestures.core - INFO - 2026-07-01 17:01:32,069 - adjusting joint rotation directions complete, setting up pib
pib_gestures.core - INFO - 2026-07-01 17:01:32,069 - setting up pib complete, moving joints
pib_gestures.core - INFO - 2026-07-01 17:01:35,069 - finished


pib_gestures.core - INFO - 2026-07-01 17:01:35,069 - finished


pib_gestures.core - INFO - 2026-07-01 17:03:06,034 - started, calculating center vector
pib_gestures.core - INFO - 2026-07-01 17:03:06,035 - center vector calculation finished, calculating head vector
pib_gestures.core - INFO - 2026-07-01 17:03:06,035 - head vector calculation finished, calculating joint angles
pib_gestures.core - INFO - 2026-07-01 17:03:06,036 - Confirmed head angles are within limits, adjusting joint rotation directions
pib_gestures.core - INFO - 2026-07-01 17:03:06,036 - adjusting joint rotation directions complete, setting up pib
pib_gestures.core - INFO - 2026-07-01 17:03:06,036 - setting up pib complete, moving joints
pib_gestures.core - INFO - 2026-07-01 17:03:09,036 - finished


pib_gestures.core - INFO - 2026-07-01 17:03:09,044 - started, calculating center vector
pib_gestures.core - INFO - 2026-07-01 17:03:09,044 - center vector calculation finished, running gesture choosing logic
pib_gestures.core - INFO - 2026-07-01 17:03:09,045 - gesture set, calculating arm vector
pib_gestures.core - INFO - 2026-07-01 17:03:09,045 - arm vector calculation finished, calculating joint angles
pib_gestures.core - INFO - 2026-07-01 17:03:09,045 - joint angle calculation finished, checking joint angle and distance limits
pib_gestures.core - INFO - 2026-07-01 17:03:09,046 - confirmed arm angles are within limits, adjusting joint rotation directions
pib_gestures.core - INFO - 2026-07-01 17:03:09,046 - adjusting joint rotation directions complete, moving joints
pib_gestures.core - INFO - 2026-07-01 17:03:09,046 - started, calculating center vector
pib_gestures.core - INFO - 2026-07-01 17:03:09,046 - center vector calculation finished, calculating head vector
pib_gestures.core - INFO - 2026-07-01 17:03:09,046 - head vector calculation finished, calculating joint angles
pib_gestures.core - INFO - 2026-07-01 17:03:09,046 - Confirmed head angles are within limits, adjusting joint rotation directions
pib_gestures.core - INFO - 2026-07-01 17:03:09,046 - adjusting joint rotation directions complete, setting up pib
pib_gestures.core - INFO - 2026-07-01 17:03:09,046 - setting up pib complete, moving joints
pib_gestures.core - INFO - 2026-07-01 17:03:12,047 - finished


pib_gestures.core - INFO - 2026-07-01 17:03:12,047 - publishing joint angles
pib_gestures.core - INFO - 2026-07-01 17:03:14,047 - started, calculating center vector
pib_gestures.core - INFO - 2026-07-01 17:03:14,048 - center vector calculation finished, calculating head vector
pib_gestures.core - INFO - 2026-07-01 17:03:14,048 - head vector calculation finished, calculating joint angles
pib_gestures.core - INFO - 2026-07-01 17:03:14,048 - Confirmed head angles are within limits, adjusting joint rotation directions
pib_gestures.core - INFO - 2026-07-01 17:03:14,048 - adjusting joint rotation directions complete, setting up pib
pib_gestures.core - INFO - 2026-07-01 17:03:14,048 - setting up pib complete, moving joints
pib_gestures.core - INFO - 2026-07-01 17:03:17,048 - finished


pib_gestures.core - INFO - 2026-07-01 17:03:17,048 - finished


pib_gestures.core - INFO - 2026-07-01 17:07:25,388 - started, calculating center vector
pib_gestures.core - INFO - 2026-07-01 17:07:25,389 - center vector calculation finished, calculating head vector
pib_gestures.core - INFO - 2026-07-01 17:07:25,389 - head vector calculation finished, calculating joint angles
pib_gestures.core - INFO - 2026-07-01 17:07:25,389 - Confirmed head angles are within limits, adjusting joint rotation directions
pib_gestures.core - INFO - 2026-07-01 17:07:25,389 - adjusting joint rotation directions complete, setting up pib
pib_gestures.core - INFO - 2026-07-01 17:07:25,389 - setting up pib complete, moving joints
pib_gestures.core - INFO - 2026-07-01 17:07:28,390 - finished


pib_gestures.core - INFO - 2026-07-01 17:07:28,400 - started, calculating center vector
pib_gestures.core - INFO - 2026-07-01 17:07:28,401 - center vector calculation finished, running gesture choosing logic
pib_gestures.core - INFO - 2026-07-01 17:07:28,401 - gesture set, calculating arm vector
pib_gestures.core - INFO - 2026-07-01 17:07:28,401 - arm vector calculation finished, calculating joint angles
pib_gestures.core - INFO - 2026-07-01 17:07:28,401 - joint angle calculation finished, checking joint angle and distance limits
pib_gestures.core - INFO - 2026-07-01 17:07:28,402 - confirmed arm angles are within limits, adjusting joint rotation directions
pib_gestures.core - INFO - 2026-07-01 17:07:28,402 - adjusting joint rotation directions complete, moving joints
pib_gestures.core - INFO - 2026-07-01 17:07:28,402 - started, calculating center vector
pib_gestures.core - INFO - 2026-07-01 17:07:28,403 - center vector calculation finished, calculating head vector
pib_gestures.core - INFO - 2026-07-01 17:07:28,403 - head vector calculation finished, calculating joint angles
pib_gestures.core - INFO - 2026-07-01 17:07:28,403 - Confirmed head angles are within limits, adjusting joint rotation directions
pib_gestures.core - INFO - 2026-07-01 17:07:28,403 - adjusting joint rotation directions complete, setting up pib
pib_gestures.core - INFO - 2026-07-01 17:07:28,403 - setting up pib complete, moving joints
pib_gestures.core - INFO - 2026-07-01 17:07:31,404 - finished


pib_gestures.core - INFO - 2026-07-01 17:07:31,404 - publishing joint angles
pib_gestures.core - INFO - 2026-07-01 17:07:33,404 - started, calculating center vector
pib_gestures.core - INFO - 2026-07-01 17:07:33,404 - center vector calculation finished, calculating head vector
pib_gestures.core - INFO - 2026-07-01 17:07:33,405 - head vector calculation finished, calculating joint angles
pib_gestures.core - INFO - 2026-07-01 17:07:33,405 - Confirmed head angles are within limits, adjusting joint rotation directions
pib_gestures.core - INFO - 2026-07-01 17:07:33,405 - adjusting joint rotation directions complete, setting up pib
pib_gestures.core - INFO - 2026-07-01 17:07:33,405 - setting up pib complete, moving joints
pib_gestures.core - INFO - 2026-07-01 17:07:36,405 - finished


pib_gestures.core - INFO - 2026-07-01 17:07:36,405 - finished


pib_gestures.core - INFO - 2026-07-01 17:11:28,430 - started, calculating center vector
pib_gestures.core - INFO - 2026-07-01 17:11:28,431 - center vector calculation finished, calculating head vector
pib_gestures.core - INFO - 2026-07-01 17:11:28,431 - head vector calculation finished, calculating joint angles
pib_gestures.core - INFO - 2026-07-01 17:11:28,431 - Confirmed head angles are within limits, adjusting joint rotation directions
pib_gestures.core - INFO - 2026-07-01 17:11:28,432 - adjusting joint rotation directions complete, setting up pib
pib_gestures.core - INFO - 2026-07-01 17:11:28,432 - setting up pib complete, moving joints
pib_gestures.core - INFO - 2026-07-01 17:11:31,432 - finished


pib_gestures.core - INFO - 2026-07-01 17:11:31,438 - started, calculating center vector
pib_gestures.core - INFO - 2026-07-01 17:11:31,438 - center vector calculation finished, running gesture choosing logic
pib_gestures.core - INFO - 2026-07-01 17:11:31,439 - gesture set, calculating arm vector
pib_gestures.core - INFO - 2026-07-01 17:11:31,439 - arm vector calculation finished, calculating joint angles
pib_gestures.core - INFO - 2026-07-01 17:11:31,439 - joint angle calculation finished, checking joint angle and distance limits
pib_gestures.core - INFO - 2026-07-01 17:11:31,439 - confirmed arm angles are within limits, adjusting joint rotation directions
pib_gestures.core - INFO - 2026-07-01 17:11:31,439 - adjusting joint rotation directions complete, moving joints
pib_gestures.core - INFO - 2026-07-01 17:11:31,439 - started, calculating center vector
pib_gestures.core - INFO - 2026-07-01 17:11:31,440 - center vector calculation finished, calculating head vector
pib_gestures.core - INFO - 2026-07-01 17:11:31,440 - head vector calculation finished, calculating joint angles
pib_gestures.core - INFO - 2026-07-01 17:11:31,440 - Confirmed head angles are within limits, adjusting joint rotation directions
pib_gestures.core - INFO - 2026-07-01 17:11:31,440 - adjusting joint rotation directions complete, setting up pib
pib_gestures.core - INFO - 2026-07-01 17:11:31,440 - setting up pib complete, moving joints
pib_gestures.core - INFO - 2026-07-01 17:11:34,440 - finished


pib_gestures.core - INFO - 2026-07-01 17:11:34,440 - publishing joint angles
pib_gestures.core - INFO - 2026-07-01 17:11:36,440 - started, calculating center vector
pib_gestures.core - INFO - 2026-07-01 17:11:36,441 - center vector calculation finished, calculating head vector
pib_gestures.core - INFO - 2026-07-01 17:11:36,441 - head vector calculation finished, calculating joint angles
pib_gestures.core - INFO - 2026-07-01 17:11:36,441 - Confirmed head angles are within limits, adjusting joint rotation directions
pib_gestures.core - INFO - 2026-07-01 17:11:36,441 - adjusting joint rotation directions complete, setting up pib
pib_gestures.core - INFO - 2026-07-01 17:11:36,441 - setting up pib complete, moving joints
pib_gestures.core - INFO - 2026-07-01 17:11:39,442 - finished


pib_gestures.core - INFO - 2026-07-01 17:11:39,442 - finished


pib_gestures.core - INFO - 2026-07-01 17:11:59,822 - started, calculating center vector
pib_gestures.core - INFO - 2026-07-01 17:11:59,822 - center vector calculation finished, calculating head vector
pib_gestures.core - INFO - 2026-07-01 17:11:59,822 - head vector calculation finished, calculating joint angles
pib_gestures.core - INFO - 2026-07-01 17:11:59,823 - Confirmed head angles are within limits, adjusting joint rotation directions
pib_gestures.core - INFO - 2026-07-01 17:11:59,823 - adjusting joint rotation directions complete, setting up pib
pib_gestures.core - INFO - 2026-07-01 17:11:59,823 - setting up pib complete, moving joints
pib_gestures.core - INFO - 2026-07-01 17:12:02,823 - finished


pib_gestures.core - INFO - 2026-07-01 17:12:02,831 - started, calculating center vector
pib_gestures.core - INFO - 2026-07-01 17:12:02,831 - center vector calculation finished, running gesture choosing logic
pib_gestures.core - INFO - 2026-07-01 17:12:02,831 - gesture set, calculating arm vector
pib_gestures.core - INFO - 2026-07-01 17:12:02,832 - arm vector calculation finished, calculating joint angles
pib_gestures.core - INFO - 2026-07-01 17:12:02,832 - joint angle calculation finished, checking joint angle and distance limits
pib_gestures.core - INFO - 2026-07-01 17:12:02,832 - confirmed arm angles are within limits, adjusting joint rotation directions
pib_gestures.core - INFO - 2026-07-01 17:12:02,832 - adjusting joint rotation directions complete, moving joints
pib_gestures.core - INFO - 2026-07-01 17:12:02,833 - started, calculating center vector
pib_gestures.core - INFO - 2026-07-01 17:12:02,833 - center vector calculation finished, calculating head vector
pib_gestures.core - INFO - 2026-07-01 17:12:02,833 - head vector calculation finished, calculating joint angles
pib_gestures.core - INFO - 2026-07-01 17:12:02,833 - Confirmed head angles are within limits, adjusting joint rotation directions
pib_gestures.core - INFO - 2026-07-01 17:12:02,834 - adjusting joint rotation directions complete, setting up pib
pib_gestures.core - INFO - 2026-07-01 17:12:02,834 - setting up pib complete, moving joints
pib_gestures.core - INFO - 2026-07-01 17:12:05,834 - finished


pib_gestures.core - INFO - 2026-07-01 17:12:05,834 - publishing joint angles
pib_gestures.core - INFO - 2026-07-01 17:12:08,834 - gesture executed
pib_gestures.core - INFO - 2026-07-01 17:12:08,834 - started, calculating center vector
pib_gestures.core - INFO - 2026-07-01 17:12:08,835 - center vector calculation finished, calculating head vector
pib_gestures.core - INFO - 2026-07-01 17:12:08,835 - head vector calculation finished, calculating joint angles
pib_gestures.core - INFO - 2026-07-01 17:12:08,835 - Confirmed head angles are within limits, adjusting joint rotation directions
pib_gestures.core - INFO - 2026-07-01 17:12:08,835 - adjusting joint rotation directions complete, setting up pib
pib_gestures.core - INFO - 2026-07-01 17:12:08,835 - setting up pib complete, moving joints
pib_gestures.core - INFO - 2026-07-01 17:12:11,835 - finished


pib_gestures.core - INFO - 2026-07-01 17:12:11,835 - finished


pib_gestures.core - INFO - 2026-07-01 17:17:06,093 - started, calculating center vector
pib_gestures.core - INFO - 2026-07-01 17:17:06,093 - center vector calculation finished, calculating head vector
pib_gestures.core - INFO - 2026-07-01 17:17:06,094 - head vector calculation finished, calculating joint angles
pib_gestures.core - INFO - 2026-07-01 17:17:06,094 - Confirmed head angles are within limits, adjusting joint rotation directions
pib_gestures.core - INFO - 2026-07-01 17:17:06,094 - adjusting joint rotation directions complete, setting up pib
pib_gestures.core - INFO - 2026-07-01 17:17:06,094 - setting up pib complete, moving joints
pib_gestures.core - INFO - 2026-07-01 17:17:09,094 - finished


pib_gestures.core - INFO - 2026-07-01 17:17:09,100 - started, calculating center vector
pib_gestures.core - INFO - 2026-07-01 17:17:09,100 - center vector calculation finished, running gesture choosing logic
pib_gestures.core - INFO - 2026-07-01 17:17:09,100 - gesture set, calculating arm vector
pib_gestures.core - INFO - 2026-07-01 17:17:09,101 - arm vector calculation finished, calculating joint angles
pib_gestures.core - INFO - 2026-07-01 17:17:09,101 - joint angle calculation finished, checking joint angle and distance limits
pib_gestures.core - INFO - 2026-07-01 17:17:09,101 - confirmed arm angles are within limits, adjusting joint rotation directions
pib_gestures.core - INFO - 2026-07-01 17:17:09,101 - adjusting joint rotation directions complete, moving joints
pib_gestures.core - INFO - 2026-07-01 17:17:09,101 - started, calculating center vector
pib_gestures.core - INFO - 2026-07-01 17:17:09,102 - center vector calculation finished, calculating head vector
pib_gestures.core - INFO - 2026-07-01 17:17:09,102 - head vector calculation finished, calculating joint angles
pib_gestures.core - INFO - 2026-07-01 17:17:09,102 - Confirmed head angles are within limits, adjusting joint rotation directions
pib_gestures.core - INFO - 2026-07-01 17:17:09,102 - adjusting joint rotation directions complete, setting up pib
pib_gestures.core - INFO - 2026-07-01 17:17:09,102 - setting up pib complete, moving joints
pib_gestures.core - INFO - 2026-07-01 17:17:12,102 - finished


pib_gestures.core - INFO - 2026-07-01 17:17:12,102 - publishing joint angles
pib_gestures.core - INFO - 2026-07-01 17:17:14,102 - started, calculating center vector
pib_gestures.core - INFO - 2026-07-01 17:17:14,103 - center vector calculation finished, calculating head vector
pib_gestures.core - INFO - 2026-07-01 17:17:14,103 - head vector calculation finished, calculating joint angles
pib_gestures.core - INFO - 2026-07-01 17:17:14,103 - Confirmed head angles are within limits, adjusting joint rotation directions
pib_gestures.core - INFO - 2026-07-01 17:17:14,103 - adjusting joint rotation directions complete, setting up pib
pib_gestures.core - INFO - 2026-07-01 17:17:14,103 - setting up pib complete, moving joints
pib_gestures.core - INFO - 2026-07-01 17:17:17,104 - finished


pib_gestures.core - INFO - 2026-07-01 17:17:17,104 - finished


pib_gestures.core - INFO - 2026-07-01 17:17:26,507 - started, calculating center vector
pib_gestures.core - INFO - 2026-07-01 17:17:26,508 - center vector calculation finished, calculating head vector
pib_gestures.core - INFO - 2026-07-01 17:17:26,508 - head vector calculation finished, calculating joint angles
pib_gestures.core - INFO - 2026-07-01 17:17:26,508 - Confirmed head angles are within limits, adjusting joint rotation directions
pib_gestures.core - INFO - 2026-07-01 17:17:26,508 - adjusting joint rotation directions complete, setting up pib
pib_gestures.core - INFO - 2026-07-01 17:17:26,508 - setting up pib complete, moving joints
pib_gestures.core - INFO - 2026-07-01 17:17:29,508 - finished


pib_gestures.core - INFO - 2026-07-01 17:17:29,517 - started, calculating center vector
pib_gestures.core - INFO - 2026-07-01 17:17:29,517 - center vector calculation finished, running gesture choosing logic
pib_gestures.core - INFO - 2026-07-01 17:17:29,518 - gesture set, calculating arm vector
pib_gestures.core - INFO - 2026-07-01 17:17:29,518 - arm vector calculation finished, calculating joint angles
pib_gestures.core - INFO - 2026-07-01 17:17:29,518 - joint angle calculation finished, checking joint angle and distance limits
pib_gestures.core - INFO - 2026-07-01 17:17:29,518 - confirmed arm angles are within limits, adjusting joint rotation directions
pib_gestures.core - INFO - 2026-07-01 17:17:29,518 - adjusting joint rotation directions complete, moving joints
pib_gestures.core - INFO - 2026-07-01 17:17:29,518 - started, calculating center vector
pib_gestures.core - INFO - 2026-07-01 17:17:29,519 - center vector calculation finished, calculating head vector
pib_gestures.core - INFO - 2026-07-01 17:17:29,519 - head vector calculation finished, calculating joint angles
pib_gestures.core - INFO - 2026-07-01 17:17:29,519 - Confirmed head angles are within limits, adjusting joint rotation directions
pib_gestures.core - INFO - 2026-07-01 17:17:29,519 - adjusting joint rotation directions complete, setting up pib
pib_gestures.core - INFO - 2026-07-01 17:17:29,519 - setting up pib complete, moving joints
pib_gestures.core - INFO - 2026-07-01 17:17:32,519 - finished


pib_gestures.core - INFO - 2026-07-01 17:17:32,520 - publishing joint angles
pib_gestures.core - INFO - 2026-07-01 17:17:35,520 - gesture executed
pib_gestures.core - INFO - 2026-07-01 17:17:35,521 - started, calculating center vector
pib_gestures.core - INFO - 2026-07-01 17:17:35,521 - center vector calculation finished, calculating head vector
pib_gestures.core - INFO - 2026-07-01 17:17:35,521 - head vector calculation finished, calculating joint angles
pib_gestures.core - INFO - 2026-07-01 17:17:35,521 - Confirmed head angles are within limits, adjusting joint rotation directions
pib_gestures.core - INFO - 2026-07-01 17:17:35,521 - adjusting joint rotation directions complete, setting up pib
pib_gestures.core - INFO - 2026-07-01 17:17:35,521 - setting up pib complete, moving joints
pib_gestures.core - INFO - 2026-07-01 17:17:38,521 - finished


pib_gestures.core - INFO - 2026-07-01 17:17:38,522 - finished


pib_gestures.core - INFO - 2026-07-01 17:25:03,976 - started, calculating center vector
pib_gestures.core - INFO - 2026-07-01 17:25:03,976 - center vector calculation finished, calculating head vector
pib_gestures.core - INFO - 2026-07-01 17:25:03,977 - head vector calculation finished, calculating joint angles
pib_gestures.core - INFO - 2026-07-01 17:25:03,977 - Confirmed head angles are within limits, adjusting joint rotation directions
pib_gestures.core - INFO - 2026-07-01 17:25:03,977 - adjusting joint rotation directions complete, setting up pib
pib_gestures.core - INFO - 2026-07-01 17:25:03,977 - setting up pib complete, moving joints
pib_gestures.core - INFO - 2026-07-01 17:25:06,977 - finished


pib_gestures.core - INFO - 2026-07-01 17:25:06,989 - started, calculating center vector
pib_gestures.core - INFO - 2026-07-01 17:25:06,989 - center vector calculation finished, running gesture choosing logic
pib_gestures.core - INFO - 2026-07-01 17:25:06,989 - gesture set, calculating arm vector
pib_gestures.core - INFO - 2026-07-01 17:25:06,990 - arm vector calculation finished, calculating joint angles
pib_gestures.core - INFO - 2026-07-01 17:25:06,990 - joint angle calculation finished, checking joint angle and distance limits
pib_gestures.core - INFO - 2026-07-01 17:25:06,990 - confirmed arm angles are within limits, adjusting joint rotation directions
pib_gestures.core - INFO - 2026-07-01 17:25:06,990 - adjusting joint rotation directions complete, moving joints
pib_gestures.core - INFO - 2026-07-01 17:25:06,990 - started, calculating center vector
pib_gestures.core - INFO - 2026-07-01 17:25:06,991 - center vector calculation finished, calculating head vector
pib_gestures.core - INFO - 2026-07-01 17:25:06,992 - head vector calculation finished, calculating joint angles
pib_gestures.core - INFO - 2026-07-01 17:25:06,992 - Confirmed head angles are within limits, adjusting joint rotation directions
pib_gestures.core - INFO - 2026-07-01 17:25:06,992 - adjusting joint rotation directions complete, setting up pib
pib_gestures.core - INFO - 2026-07-01 17:25:06,992 - setting up pib complete, moving joints
pib_gestures.core - INFO - 2026-07-01 17:25:09,992 - finished


pib_gestures.core - INFO - 2026-07-01 17:25:09,992 - publishing joint angles
pib_gestures.core - INFO - 2026-07-01 17:25:11,992 - started, calculating center vector
pib_gestures.core - INFO - 2026-07-01 17:25:11,993 - center vector calculation finished, calculating head vector
pib_gestures.core - INFO - 2026-07-01 17:25:11,993 - head vector calculation finished, calculating joint angles
pib_gestures.core - INFO - 2026-07-01 17:25:11,993 - Confirmed head angles are within limits, adjusting joint rotation directions
pib_gestures.core - INFO - 2026-07-01 17:25:11,993 - adjusting joint rotation directions complete, setting up pib
pib_gestures.core - INFO - 2026-07-01 17:25:11,993 - setting up pib complete, moving joints
pib_gestures.core - INFO - 2026-07-01 17:25:14,993 - finished


pib_gestures.core - INFO - 2026-07-01 17:25:14,993 - finished


pib_gestures.core - INFO - 2026-07-01 17:26:01,610 - started, calculating center vector
pib_gestures.core - INFO - 2026-07-01 17:26:01,611 - center vector calculation finished, calculating head vector
pib_gestures.core - INFO - 2026-07-01 17:26:01,611 - head vector calculation finished, calculating joint angles
pib_gestures.core - INFO - 2026-07-01 17:26:01,611 - Confirmed head angles are within limits, adjusting joint rotation directions
pib_gestures.core - INFO - 2026-07-01 17:26:01,611 - adjusting joint rotation directions complete, setting up pib
pib_gestures.core - INFO - 2026-07-01 17:26:01,611 - setting up pib complete, moving joints
pib_gestures.core - INFO - 2026-07-01 17:26:04,611 - finished


pib_gestures.core - INFO - 2026-07-01 17:26:04,634 - started, calculating center vector
pib_gestures.core - INFO - 2026-07-01 17:26:04,634 - center vector calculation finished, running gesture choosing logic
pib_gestures.core - INFO - 2026-07-01 17:26:04,634 - gesture set, calculating arm vector
pib_gestures.core - INFO - 2026-07-01 17:26:04,634 - arm vector calculation finished, calculating joint angles
pib_gestures.core - INFO - 2026-07-01 17:26:04,634 - joint angle calculation finished, checking joint angle and distance limits
pib_gestures.core - INFO - 2026-07-01 17:26:04,635 - confirmed arm angles are within limits, adjusting joint rotation directions
pib_gestures.core - INFO - 2026-07-01 17:26:04,635 - adjusting joint rotation directions complete, moving joints
pib_gestures.core - INFO - 2026-07-01 17:26:04,635 - started, calculating center vector
pib_gestures.core - INFO - 2026-07-01 17:26:04,635 - center vector calculation finished, calculating head vector
pib_gestures.core - INFO - 2026-07-01 17:26:04,635 - head vector calculation finished, calculating joint angles
pib_gestures.core - INFO - 2026-07-01 17:26:04,636 - Confirmed head angles are within limits, adjusting joint rotation directions
pib_gestures.core - INFO - 2026-07-01 17:26:04,636 - adjusting joint rotation directions complete, setting up pib
pib_gestures.core - INFO - 2026-07-01 17:26:04,636 - setting up pib complete, moving joints
pib_gestures.core - INFO - 2026-07-01 17:26:07,636 - finished


pib_gestures.core - INFO - 2026-07-01 17:26:07,636 - publishing joint angles
pib_gestures.core - INFO - 2026-07-01 17:26:09,636 - started, calculating center vector
pib_gestures.core - INFO - 2026-07-01 17:26:09,636 - center vector calculation finished, calculating head vector
pib_gestures.core - INFO - 2026-07-01 17:26:09,637 - head vector calculation finished, calculating joint angles
pib_gestures.core - INFO - 2026-07-01 17:26:09,637 - Confirmed head angles are within limits, adjusting joint rotation directions
pib_gestures.core - INFO - 2026-07-01 17:26:09,637 - adjusting joint rotation directions complete, setting up pib
pib_gestures.core - INFO - 2026-07-01 17:26:09,637 - setting up pib complete, moving joints
pib_gestures.core - INFO - 2026-07-01 17:26:12,637 - finished


pib_gestures.core - INFO - 2026-07-01 17:26:12,637 - finished


pib_gestures.core - INFO - 2026-07-01 17:26:45,200 - started, calculating center vector
pib_gestures.core - INFO - 2026-07-01 17:26:45,200 - center vector calculation finished, calculating head vector
pib_gestures.core - INFO - 2026-07-01 17:26:45,201 - head vector calculation finished, calculating joint angles
pib_gestures.core - INFO - 2026-07-01 17:26:45,201 - Confirmed head angles are within limits, adjusting joint rotation directions
pib_gestures.core - INFO - 2026-07-01 17:26:45,201 - adjusting joint rotation directions complete, setting up pib
pib_gestures.core - INFO - 2026-07-01 17:26:45,201 - setting up pib complete, moving joints
pib_gestures.core - INFO - 2026-07-01 17:26:48,201 - finished


pib_gestures.core - INFO - 2026-07-01 17:26:48,208 - started, calculating center vector
pib_gestures.core - INFO - 2026-07-01 17:26:48,208 - center vector calculation finished, running gesture choosing logic
pib_gestures.core - INFO - 2026-07-01 17:26:48,208 - gesture set, calculating arm vector
pib_gestures.core - INFO - 2026-07-01 17:26:48,209 - arm vector calculation finished, calculating joint angles
pib_gestures.core - INFO - 2026-07-01 17:26:48,209 - joint angle calculation finished, checking joint angle and distance limits
pib_gestures.core - INFO - 2026-07-01 17:26:48,209 - confirmed arm angles are within limits, adjusting joint rotation directions
pib_gestures.core - INFO - 2026-07-01 17:26:48,209 - adjusting joint rotation directions complete, moving joints
pib_gestures.core - INFO - 2026-07-01 17:26:48,209 - started, calculating center vector
pib_gestures.core - INFO - 2026-07-01 17:26:48,209 - center vector calculation finished, calculating head vector
pib_gestures.core - INFO - 2026-07-01 17:26:48,210 - head vector calculation finished, calculating joint angles
pib_gestures.core - INFO - 2026-07-01 17:26:48,210 - Confirmed head angles are within limits, adjusting joint rotation directions
pib_gestures.core - INFO - 2026-07-01 17:26:48,210 - adjusting joint rotation directions complete, setting up pib
pib_gestures.core - INFO - 2026-07-01 17:26:48,210 - setting up pib complete, moving joints
pib_gestures.core - INFO - 2026-07-01 17:26:51,210 - finished


pib_gestures.core - INFO - 2026-07-01 17:26:51,210 - publishing joint angles
pib_gestures.core - INFO - 2026-07-01 17:26:54,211 - gesture executed
pib_gestures.core - INFO - 2026-07-01 17:26:54,211 - started, calculating center vector
pib_gestures.core - INFO - 2026-07-01 17:26:54,212 - center vector calculation finished, calculating head vector
pib_gestures.core - INFO - 2026-07-01 17:26:54,212 - head vector calculation finished, calculating joint angles
pib_gestures.core - INFO - 2026-07-01 17:26:54,212 - Confirmed head angles are within limits, adjusting joint rotation directions
pib_gestures.core - INFO - 2026-07-01 17:26:54,212 - adjusting joint rotation directions complete, setting up pib
pib_gestures.core - INFO - 2026-07-01 17:26:54,212 - setting up pib complete, moving joints
pib_gestures.core - INFO - 2026-07-01 17:26:57,213 - finished


pib_gestures.core - INFO - 2026-07-01 17:26:57,213 - finished


pib_gestures.core - INFO - 2026-07-01 17:31:13,893 - started, calculating center vector
pib_gestures.core - INFO - 2026-07-01 17:31:13,894 - center vector calculation finished, calculating head vector
pib_gestures.core - INFO - 2026-07-01 17:31:13,894 - head vector calculation finished, calculating joint angles
pib_gestures.core - INFO - 2026-07-01 17:31:13,894 - Confirmed head angles are within limits, adjusting joint rotation directions
pib_gestures.core - INFO - 2026-07-01 17:31:13,894 - adjusting joint rotation directions complete, setting up pib
pib_gestures.core - INFO - 2026-07-01 17:31:13,894 - setting up pib complete, moving joints
pib_gestures.core - INFO - 2026-07-01 17:31:16,894 - finished


pib_gestures.core - INFO - 2026-07-01 17:31:16,902 - started, calculating center vector
pib_gestures.core - INFO - 2026-07-01 17:31:16,903 - center vector calculation finished, running gesture choosing logic
pib_gestures.core - INFO - 2026-07-01 17:31:16,903 - gesture set, calculating arm vector
pib_gestures.core - INFO - 2026-07-01 17:31:16,903 - arm vector calculation finished, calculating joint angles
pib_gestures.core - INFO - 2026-07-01 17:31:16,903 - joint angle calculation finished, checking joint angle and distance limits
pib_gestures.core - INFO - 2026-07-01 17:31:16,903 - confirmed arm angles are within limits, adjusting joint rotation directions
pib_gestures.core - INFO - 2026-07-01 17:31:16,903 - adjusting joint rotation directions complete, moving joints
pib_gestures.core - INFO - 2026-07-01 17:31:16,903 - started, calculating center vector
pib_gestures.core - INFO - 2026-07-01 17:31:16,904 - center vector calculation finished, calculating head vector
pib_gestures.core - INFO - 2026-07-01 17:31:16,904 - head vector calculation finished, calculating joint angles
pib_gestures.core - INFO - 2026-07-01 17:31:16,904 - Confirmed head angles are within limits, adjusting joint rotation directions
pib_gestures.core - INFO - 2026-07-01 17:31:16,904 - adjusting joint rotation directions complete, setting up pib
pib_gestures.core - INFO - 2026-07-01 17:31:16,904 - setting up pib complete, moving joints
pib_gestures.core - INFO - 2026-07-01 17:31:19,904 - finished


pib_gestures.core - INFO - 2026-07-01 17:31:19,905 - publishing joint angles
pib_gestures.core - INFO - 2026-07-01 17:31:21,905 - started, calculating center vector
pib_gestures.core - INFO - 2026-07-01 17:31:21,905 - center vector calculation finished, calculating head vector
pib_gestures.core - INFO - 2026-07-01 17:31:21,905 - head vector calculation finished, calculating joint angles
pib_gestures.core - INFO - 2026-07-01 17:31:21,906 - Confirmed head angles are within limits, adjusting joint rotation directions
pib_gestures.core - INFO - 2026-07-01 17:31:21,906 - adjusting joint rotation directions complete, setting up pib
pib_gestures.core - INFO - 2026-07-01 17:31:21,906 - setting up pib complete, moving joints
pib_gestures.core - INFO - 2026-07-01 17:31:24,906 - finished


pib_gestures.core - INFO - 2026-07-01 17:31:24,906 - finished


pib_gestures.core - INFO - 2026-07-01 17:35:09,249 - started, calculating center vector
pib_gestures.core - INFO - 2026-07-01 17:35:09,249 - center vector calculation finished, calculating head vector
pib_gestures.core - INFO - 2026-07-01 17:35:09,249 - head vector calculation finished, calculating joint angles
pib_gestures.core - INFO - 2026-07-01 17:35:09,249 - Confirmed head angles are within limits, adjusting joint rotation directions
pib_gestures.core - INFO - 2026-07-01 17:35:09,249 - adjusting joint rotation directions complete, setting up pib
pib_gestures.core - INFO - 2026-07-01 17:35:09,249 - setting up pib complete, moving joints
pib_gestures.core - INFO - 2026-07-01 17:35:12,250 - finished


pib_gestures.core - INFO - 2026-07-01 17:35:12,258 - started, calculating center vector
pib_gestures.core - INFO - 2026-07-01 17:35:12,258 - center vector calculation finished, running gesture choosing logic
pib_gestures.core - INFO - 2026-07-01 17:35:12,258 - gesture set, calculating arm vector
pib_gestures.core - INFO - 2026-07-01 17:35:12,259 - arm vector calculation finished, calculating joint angles
pib_gestures.core - INFO - 2026-07-01 17:35:12,259 - joint angle calculation finished, checking joint angle and distance limits
pib_gestures.core - INFO - 2026-07-01 17:35:12,259 - confirmed arm angles are within limits, adjusting joint rotation directions
pib_gestures.core - INFO - 2026-07-01 17:35:12,259 - adjusting joint rotation directions complete, moving joints
pib_gestures.core - INFO - 2026-07-01 17:35:12,259 - started, calculating center vector
pib_gestures.core - INFO - 2026-07-01 17:35:12,260 - center vector calculation finished, calculating head vector
pib_gestures.core - INFO - 2026-07-01 17:35:12,260 - head vector calculation finished, calculating joint angles
pib_gestures.core - INFO - 2026-07-01 17:35:12,260 - Confirmed head angles are within limits, adjusting joint rotation directions
pib_gestures.core - INFO - 2026-07-01 17:35:12,260 - adjusting joint rotation directions complete, setting up pib
pib_gestures.core - INFO - 2026-07-01 17:35:12,260 - setting up pib complete, moving joints
pib_gestures.core - INFO - 2026-07-01 17:35:15,260 - finished


pib_gestures.core - INFO - 2026-07-01 17:35:15,261 - publishing joint angles
pib_gestures.core - INFO - 2026-07-01 17:35:17,261 - started, calculating center vector
pib_gestures.core - INFO - 2026-07-01 17:35:17,261 - center vector calculation finished, calculating head vector
pib_gestures.core - INFO - 2026-07-01 17:35:17,262 - head vector calculation finished, calculating joint angles
pib_gestures.core - INFO - 2026-07-01 17:35:17,262 - Confirmed head angles are within limits, adjusting joint rotation directions
pib_gestures.core - INFO - 2026-07-01 17:35:17,262 - adjusting joint rotation directions complete, setting up pib
pib_gestures.core - INFO - 2026-07-01 17:35:17,262 - setting up pib complete, moving joints
pib_gestures.core - INFO - 2026-07-01 17:35:20,262 - finished


pib_gestures.core - INFO - 2026-07-01 17:35:20,262 - finished


pib_gestures.core - INFO - 2026-07-01 17:38:27,744 - started, calculating center vector
pib_gestures.core - INFO - 2026-07-01 17:38:27,745 - center vector calculation finished, calculating head vector
pib_gestures.core - INFO - 2026-07-01 17:38:27,745 - head vector calculation finished, calculating joint angles
pib_gestures.core - INFO - 2026-07-01 17:38:27,745 - Confirmed head angles are within limits, adjusting joint rotation directions
pib_gestures.core - INFO - 2026-07-01 17:38:27,745 - adjusting joint rotation directions complete, setting up pib
pib_gestures.core - INFO - 2026-07-01 17:38:27,745 - setting up pib complete, moving joints
pib_gestures.core - INFO - 2026-07-01 17:38:30,745 - finished


pib_gestures.core - INFO - 2026-07-01 17:38:30,753 - started, calculating center vector
pib_gestures.core - INFO - 2026-07-01 17:38:30,754 - center vector calculation finished, running gesture choosing logic
pib_gestures.core - INFO - 2026-07-01 17:38:30,754 - gesture set, calculating arm vector
pib_gestures.core - INFO - 2026-07-01 17:38:30,755 - arm vector calculation finished, calculating joint angles
pib_gestures.core - INFO - 2026-07-01 17:38:30,755 - joint angle calculation finished, checking joint angle and distance limits
pib_gestures.core - INFO - 2026-07-01 17:38:30,755 - confirmed arm angles are within limits, adjusting joint rotation directions
pib_gestures.core - INFO - 2026-07-01 17:38:30,755 - adjusting joint rotation directions complete, moving joints
pib_gestures.core - INFO - 2026-07-01 17:38:30,755 - started, calculating center vector
pib_gestures.core - INFO - 2026-07-01 17:38:30,756 - center vector calculation finished, calculating head vector
pib_gestures.core - INFO - 2026-07-01 17:38:30,756 - head vector calculation finished, calculating joint angles
pib_gestures.core - INFO - 2026-07-01 17:38:30,756 - Confirmed head angles are within limits, adjusting joint rotation directions
pib_gestures.core - INFO - 2026-07-01 17:38:30,756 - adjusting joint rotation directions complete, setting up pib
pib_gestures.core - INFO - 2026-07-01 17:38:30,756 - setting up pib complete, moving joints
pib_gestures.core - INFO - 2026-07-01 17:38:33,757 - finished


pib_gestures.core - INFO - 2026-07-01 17:38:33,757 - publishing joint angles
pib_gestures.core - INFO - 2026-07-01 17:38:35,757 - started, calculating center vector
pib_gestures.core - INFO - 2026-07-01 17:38:35,757 - center vector calculation finished, calculating head vector
pib_gestures.core - INFO - 2026-07-01 17:38:35,758 - head vector calculation finished, calculating joint angles
pib_gestures.core - INFO - 2026-07-01 17:38:35,758 - Confirmed head angles are within limits, adjusting joint rotation directions
pib_gestures.core - INFO - 2026-07-01 17:38:35,758 - adjusting joint rotation directions complete, setting up pib
pib_gestures.core - INFO - 2026-07-01 17:38:35,758 - setting up pib complete, moving joints
pib_gestures.core - INFO - 2026-07-01 17:38:38,758 - finished


pib_gestures.core - INFO - 2026-07-01 17:38:38,758 - finished


pib_gestures.core - INFO - 2026-07-01 17:39:36,126 - started, calculating center vector
pib_gestures.core - INFO - 2026-07-01 17:39:36,126 - center vector calculation finished, calculating head vector
pib_gestures.core - INFO - 2026-07-01 17:39:36,127 - head vector calculation finished, calculating joint angles
pib_gestures.core - INFO - 2026-07-01 17:39:36,127 - Confirmed head angles are within limits, adjusting joint rotation directions
pib_gestures.core - INFO - 2026-07-01 17:39:36,127 - adjusting joint rotation directions complete, setting up pib
pib_gestures.core - INFO - 2026-07-01 17:39:36,127 - setting up pib complete, moving joints
pib_gestures.core - INFO - 2026-07-01 17:39:39,127 - finished


pib_gestures.core - INFO - 2026-07-01 17:39:39,136 - started, calculating center vector
pib_gestures.core - INFO - 2026-07-01 17:39:39,137 - center vector calculation finished, running gesture choosing logic
pib_gestures.core - INFO - 2026-07-01 17:39:39,137 - gesture set, calculating arm vector
pib_gestures.core - INFO - 2026-07-01 17:39:39,137 - arm vector calculation finished, calculating joint angles
pib_gestures.core - INFO - 2026-07-01 17:39:39,137 - joint angle calculation finished, checking joint angle and distance limits
pib_gestures.core - INFO - 2026-07-01 17:39:39,138 - confirmed arm angles are within limits, adjusting joint rotation directions
pib_gestures.core - INFO - 2026-07-01 17:39:39,138 - adjusting joint rotation directions complete, moving joints
pib_gestures.core - INFO - 2026-07-01 17:39:39,138 - started, calculating center vector
pib_gestures.core - INFO - 2026-07-01 17:39:39,139 - center vector calculation finished, calculating head vector
pib_gestures.core - INFO - 2026-07-01 17:39:39,139 - head vector calculation finished, calculating joint angles
pib_gestures.core - INFO - 2026-07-01 17:39:39,139 - Confirmed head angles are within limits, adjusting joint rotation directions
pib_gestures.core - INFO - 2026-07-01 17:39:39,139 - adjusting joint rotation directions complete, setting up pib
pib_gestures.core - INFO - 2026-07-01 17:39:39,139 - setting up pib complete, moving joints
pib_gestures.core - INFO - 2026-07-01 17:39:42,140 - finished


pib_gestures.core - INFO - 2026-07-01 17:39:42,140 - publishing joint angles
pib_gestures.core - INFO - 2026-07-01 17:39:44,140 - started, calculating center vector
pib_gestures.core - INFO - 2026-07-01 17:39:44,141 - center vector calculation finished, calculating head vector
pib_gestures.core - INFO - 2026-07-01 17:39:44,141 - head vector calculation finished, calculating joint angles
pib_gestures.core - INFO - 2026-07-01 17:39:44,141 - Confirmed head angles are within limits, adjusting joint rotation directions
pib_gestures.core - INFO - 2026-07-01 17:39:44,141 - adjusting joint rotation directions complete, setting up pib
pib_gestures.core - INFO - 2026-07-01 17:39:44,141 - setting up pib complete, moving joints
pib_gestures.core - INFO - 2026-07-01 17:39:47,141 - finished


pib_gestures.core - INFO - 2026-07-01 17:39:47,141 - finished


pib_gestures.core - INFO - 2026-07-01 17:40:07,625 - started, calculating center vector
pib_gestures.core - INFO - 2026-07-01 17:40:07,626 - center vector calculation finished, calculating head vector
pib_gestures.core - INFO - 2026-07-01 17:40:07,626 - head vector calculation finished, calculating joint angles
pib_gestures.core - INFO - 2026-07-01 17:40:07,626 - Confirmed head angles are within limits, adjusting joint rotation directions
pib_gestures.core - INFO - 2026-07-01 17:40:07,626 - adjusting joint rotation directions complete, setting up pib
pib_gestures.core - INFO - 2026-07-01 17:40:07,626 - setting up pib complete, moving joints
pib_gestures.core - INFO - 2026-07-01 17:40:10,627 - finished


pib_gestures.core - INFO - 2026-07-01 17:40:10,635 - started, calculating center vector
pib_gestures.core - INFO - 2026-07-01 17:40:10,635 - center vector calculation finished, running gesture choosing logic
pib_gestures.core - INFO - 2026-07-01 17:40:10,636 - gesture set, calculating arm vector
pib_gestures.core - INFO - 2026-07-01 17:40:10,636 - arm vector calculation finished, calculating joint angles
pib_gestures.core - INFO - 2026-07-01 17:40:10,636 - joint angle calculation finished, checking joint angle and distance limits
pib_gestures.core - INFO - 2026-07-01 17:40:10,637 - confirmed arm angles are within limits, adjusting joint rotation directions
pib_gestures.core - INFO - 2026-07-01 17:40:10,637 - adjusting joint rotation directions complete, moving joints
pib_gestures.core - INFO - 2026-07-01 17:40:10,637 - started, calculating center vector
pib_gestures.core - INFO - 2026-07-01 17:40:10,637 - center vector calculation finished, calculating head vector
pib_gestures.core - INFO - 2026-07-01 17:40:10,638 - head vector calculation finished, calculating joint angles
pib_gestures.core - INFO - 2026-07-01 17:40:10,638 - Confirmed head angles are within limits, adjusting joint rotation directions
pib_gestures.core - INFO - 2026-07-01 17:40:10,638 - adjusting joint rotation directions complete, setting up pib
pib_gestures.core - INFO - 2026-07-01 17:40:10,638 - setting up pib complete, moving joints
pib_gestures.core - INFO - 2026-07-01 17:40:13,638 - finished


pib_gestures.core - INFO - 2026-07-01 17:40:13,638 - publishing joint angles
pib_gestures.core - INFO - 2026-07-01 17:40:16,639 - gesture executed
pib_gestures.core - INFO - 2026-07-01 17:40:16,639 - started, calculating center vector
pib_gestures.core - INFO - 2026-07-01 17:40:16,639 - center vector calculation finished, calculating head vector
pib_gestures.core - INFO - 2026-07-01 17:40:16,639 - head vector calculation finished, calculating joint angles
pib_gestures.core - INFO - 2026-07-01 17:40:16,639 - Confirmed head angles are within limits, adjusting joint rotation directions
pib_gestures.core - INFO - 2026-07-01 17:40:16,640 - adjusting joint rotation directions complete, setting up pib
pib_gestures.core - INFO - 2026-07-01 17:40:16,640 - setting up pib complete, moving joints
pib_gestures.core - INFO - 2026-07-01 17:40:19,640 - finished


pib_gestures.core - INFO - 2026-07-01 17:40:19,640 - finished


pib_gestures.core - INFO - 2026-07-01 17:47:29,441 - started, calculating center vector
pib_gestures.core - INFO - 2026-07-01 17:47:29,441 - center vector calculation finished, calculating head vector
pib_gestures.core - INFO - 2026-07-01 17:47:29,441 - head vector calculation finished, calculating joint angles
pib_gestures.core - INFO - 2026-07-01 17:47:29,442 - Confirmed head angles are within limits, adjusting joint rotation directions
pib_gestures.core - INFO - 2026-07-01 17:47:29,442 - adjusting joint rotation directions complete, setting up pib
pib_gestures.core - INFO - 2026-07-01 17:47:29,442 - setting up pib complete, moving joints
pib_gestures.core - INFO - 2026-07-01 17:47:32,442 - finished


pib_gestures.core - INFO - 2026-07-01 17:47:32,534 - started, calculating center vector
pib_gestures.core - INFO - 2026-07-01 17:47:32,534 - center vector calculation finished, running gesture choosing logic
pib_gestures.core - INFO - 2026-07-01 17:47:32,534 - gesture set, calculating arm vector
pib_gestures.core - INFO - 2026-07-01 17:47:32,535 - arm vector calculation finished, calculating joint angles
pib_gestures.core - INFO - 2026-07-01 17:47:32,535 - joint angle calculation finished, checking joint angle and distance limits
pib_gestures.core - INFO - 2026-07-01 17:47:32,535 - confirmed arm angles are within limits, adjusting joint rotation directions
pib_gestures.core - INFO - 2026-07-01 17:47:32,535 - adjusting joint rotation directions complete, moving joints
pib_gestures.core - INFO - 2026-07-01 17:47:32,535 - started, calculating center vector
pib_gestures.core - INFO - 2026-07-01 17:47:32,536 - center vector calculation finished, calculating head vector
pib_gestures.core - INFO - 2026-07-01 17:47:32,536 - head vector calculation finished, calculating joint angles
pib_gestures.core - INFO - 2026-07-01 17:47:32,536 - Confirmed head angles are within limits, adjusting joint rotation directions
pib_gestures.core - INFO - 2026-07-01 17:47:32,536 - adjusting joint rotation directions complete, setting up pib
pib_gestures.core - INFO - 2026-07-01 17:47:32,536 - setting up pib complete, moving joints
pib_gestures.core - INFO - 2026-07-01 17:47:35,536 - finished


pib_gestures.core - INFO - 2026-07-01 17:47:35,537 - publishing joint angles
pib_gestures.core - INFO - 2026-07-01 17:47:37,537 - started, calculating center vector
pib_gestures.core - INFO - 2026-07-01 17:47:37,537 - center vector calculation finished, calculating head vector
pib_gestures.core - INFO - 2026-07-01 17:47:37,537 - head vector calculation finished, calculating joint angles
pib_gestures.core - INFO - 2026-07-01 17:47:37,538 - Confirmed head angles are within limits, adjusting joint rotation directions
pib_gestures.core - INFO - 2026-07-01 17:47:37,538 - adjusting joint rotation directions complete, setting up pib
pib_gestures.core - INFO - 2026-07-01 17:47:37,538 - setting up pib complete, moving joints
pib_gestures.core - INFO - 2026-07-01 17:47:40,538 - finished


pib_gestures.core - INFO - 2026-07-01 17:47:40,538 - finished


pib_gestures.core - INFO - 2026-07-01 17:48:12,695 - started, calculating center vector
pib_gestures.core - INFO - 2026-07-01 17:48:12,696 - center vector calculation finished, calculating head vector
pib_gestures.core - INFO - 2026-07-01 17:48:12,696 - head vector calculation finished, calculating joint angles
pib_gestures.core - INFO - 2026-07-01 17:48:12,696 - Confirmed head angles are within limits, adjusting joint rotation directions
pib_gestures.core - INFO - 2026-07-01 17:48:12,696 - adjusting joint rotation directions complete, setting up pib
pib_gestures.core - INFO - 2026-07-01 17:48:12,696 - setting up pib complete, moving joints
pib_gestures.core - INFO - 2026-07-01 17:48:15,696 - finished


pib_gestures.core - INFO - 2026-07-01 17:48:15,707 - started, calculating center vector
pib_gestures.core - INFO - 2026-07-01 17:48:15,707 - center vector calculation finished, running gesture choosing logic
pib_gestures.core - INFO - 2026-07-01 17:48:15,707 - gesture set, calculating arm vector
pib_gestures.core - INFO - 2026-07-01 17:48:15,708 - arm vector calculation finished, calculating joint angles
pib_gestures.core - INFO - 2026-07-01 17:48:15,708 - joint angle calculation finished, checking joint angle and distance limits
pib_gestures.core - INFO - 2026-07-01 17:48:15,708 - confirmed arm angles are within limits, adjusting joint rotation directions
pib_gestures.core - INFO - 2026-07-01 17:48:15,708 - adjusting joint rotation directions complete, moving joints
pib_gestures.core - INFO - 2026-07-01 17:48:15,708 - started, calculating center vector
pib_gestures.core - INFO - 2026-07-01 17:48:15,709 - center vector calculation finished, calculating head vector
pib_gestures.core - INFO - 2026-07-01 17:48:15,709 - head vector calculation finished, calculating joint angles
pib_gestures.core - INFO - 2026-07-01 17:48:15,709 - Confirmed head angles are within limits, adjusting joint rotation directions
pib_gestures.core - INFO - 2026-07-01 17:48:15,709 - adjusting joint rotation directions complete, setting up pib
pib_gestures.core - INFO - 2026-07-01 17:48:15,709 - setting up pib complete, moving joints
pib_gestures.core - INFO - 2026-07-01 17:48:18,709 - finished


pib_gestures.core - INFO - 2026-07-01 17:48:18,709 - publishing joint angles
pib_gestures.core - INFO - 2026-07-01 17:48:20,709 - started, calculating center vector
pib_gestures.core - INFO - 2026-07-01 17:48:20,710 - center vector calculation finished, calculating head vector
pib_gestures.core - INFO - 2026-07-01 17:48:20,711 - head vector calculation finished, calculating joint angles
pib_gestures.core - INFO - 2026-07-01 17:48:20,711 - Confirmed head angles are within limits, adjusting joint rotation directions
pib_gestures.core - INFO - 2026-07-01 17:48:20,711 - adjusting joint rotation directions complete, setting up pib
pib_gestures.core - INFO - 2026-07-01 17:48:20,711 - setting up pib complete, moving joints
pib_gestures.core - INFO - 2026-07-01 17:48:23,711 - finished


pib_gestures.core - INFO - 2026-07-01 17:48:23,711 - finished


pib_gestures.core - INFO - 2026-07-01 17:48:43,894 - started, calculating center vector
pib_gestures.core - INFO - 2026-07-01 17:48:43,895 - center vector calculation finished, calculating head vector
pib_gestures.core - INFO - 2026-07-01 17:48:43,895 - head vector calculation finished, calculating joint angles
pib_gestures.core - INFO - 2026-07-01 17:48:43,895 - Confirmed head angles are within limits, adjusting joint rotation directions
pib_gestures.core - INFO - 2026-07-01 17:48:43,895 - adjusting joint rotation directions complete, setting up pib
pib_gestures.core - INFO - 2026-07-01 17:48:43,895 - setting up pib complete, moving joints
pib_gestures.core - INFO - 2026-07-01 17:48:46,895 - finished


pib_gestures.core - INFO - 2026-07-01 17:48:46,904 - started, calculating center vector
pib_gestures.core - INFO - 2026-07-01 17:48:46,904 - center vector calculation finished, running gesture choosing logic
pib_gestures.core - INFO - 2026-07-01 17:48:46,904 - gesture set, calculating arm vector
pib_gestures.core - INFO - 2026-07-01 17:48:46,905 - arm vector calculation finished, calculating joint angles
pib_gestures.core - INFO - 2026-07-01 17:48:46,905 - joint angle calculation finished, checking joint angle and distance limits
pib_gestures.core - INFO - 2026-07-01 17:48:46,905 - confirmed arm angles are within limits, adjusting joint rotation directions
pib_gestures.core - INFO - 2026-07-01 17:48:46,906 - adjusting joint rotation directions complete, moving joints
pib_gestures.core - INFO - 2026-07-01 17:48:46,906 - started, calculating center vector
pib_gestures.core - INFO - 2026-07-01 17:48:46,906 - center vector calculation finished, calculating head vector
pib_gestures.core - INFO - 2026-07-01 17:48:46,906 - head vector calculation finished, calculating joint angles
pib_gestures.core - INFO - 2026-07-01 17:48:46,906 - Confirmed head angles are within limits, adjusting joint rotation directions
pib_gestures.core - INFO - 2026-07-01 17:48:46,906 - adjusting joint rotation directions complete, setting up pib
pib_gestures.core - INFO - 2026-07-01 17:48:46,906 - setting up pib complete, moving joints
pib_gestures.core - INFO - 2026-07-01 17:48:49,906 - finished


pib_gestures.core - INFO - 2026-07-01 17:48:49,907 - publishing joint angles
pib_gestures.core - INFO - 2026-07-01 17:48:52,907 - gesture executed
pib_gestures.core - INFO - 2026-07-01 17:48:52,907 - started, calculating center vector
pib_gestures.core - INFO - 2026-07-01 17:48:52,908 - center vector calculation finished, calculating head vector
pib_gestures.core - INFO - 2026-07-01 17:48:52,908 - head vector calculation finished, calculating joint angles
pib_gestures.core - INFO - 2026-07-01 17:48:52,908 - Confirmed head angles are within limits, adjusting joint rotation directions
pib_gestures.core - INFO - 2026-07-01 17:48:52,908 - adjusting joint rotation directions complete, setting up pib
pib_gestures.core - INFO - 2026-07-01 17:48:52,908 - setting up pib complete, moving joints
pib_gestures.core - INFO - 2026-07-01 17:48:55,909 - finished


pib_gestures.core - INFO - 2026-07-01 17:48:55,909 - finished


pib_gestures.core - INFO - 2026-07-01 17:49:06,690 - started, calculating center vector
pib_gestures.core - INFO - 2026-07-01 17:49:06,690 - center vector calculation finished, calculating head vector
pib_gestures.core - INFO - 2026-07-01 17:49:06,690 - head vector calculation finished, calculating joint angles
pib_gestures.core - INFO - 2026-07-01 17:49:06,691 - Confirmed head angles are within limits, adjusting joint rotation directions
pib_gestures.core - INFO - 2026-07-01 17:49:06,691 - adjusting joint rotation directions complete, setting up pib
pib_gestures.core - INFO - 2026-07-01 17:49:06,691 - setting up pib complete, moving joints
pib_gestures.core - INFO - 2026-07-01 17:49:09,691 - finished


pib_gestures.core - INFO - 2026-07-01 17:49:09,701 - started, calculating center vector
pib_gestures.core - INFO - 2026-07-01 17:49:09,702 - center vector calculation finished, running gesture choosing logic
pib_gestures.core - INFO - 2026-07-01 17:49:09,702 - gesture set, calculating arm vector
pib_gestures.core - INFO - 2026-07-01 17:49:09,702 - arm vector calculation finished, calculating joint angles
pib_gestures.core - INFO - 2026-07-01 17:49:09,702 - joint angle calculation finished, checking joint angle and distance limits
pib_gestures.core - INFO - 2026-07-01 17:49:09,702 - confirmed arm angles are within limits, adjusting joint rotation directions
pib_gestures.core - INFO - 2026-07-01 17:49:09,702 - adjusting joint rotation directions complete, moving joints
pib_gestures.core - INFO - 2026-07-01 17:49:09,702 - started, calculating center vector
pib_gestures.core - INFO - 2026-07-01 17:49:09,703 - center vector calculation finished, calculating head vector
pib_gestures.core - INFO - 2026-07-01 17:49:09,703 - head vector calculation finished, calculating joint angles
pib_gestures.core - INFO - 2026-07-01 17:49:09,703 - Confirmed head angles are within limits, adjusting joint rotation directions
pib_gestures.core - INFO - 2026-07-01 17:49:09,703 - adjusting joint rotation directions complete, setting up pib
pib_gestures.core - INFO - 2026-07-01 17:49:09,703 - setting up pib complete, moving joints
pib_gestures.core - INFO - 2026-07-01 17:49:12,703 - finished


pib_gestures.core - INFO - 2026-07-01 17:49:12,703 - publishing joint angles
pib_gestures.core - INFO - 2026-07-01 17:49:14,704 - started, calculating center vector
pib_gestures.core - INFO - 2026-07-01 17:49:14,704 - center vector calculation finished, calculating head vector
pib_gestures.core - INFO - 2026-07-01 17:49:14,705 - head vector calculation finished, calculating joint angles
pib_gestures.core - INFO - 2026-07-01 17:49:14,705 - Confirmed head angles are within limits, adjusting joint rotation directions
pib_gestures.core - INFO - 2026-07-01 17:49:14,705 - adjusting joint rotation directions complete, setting up pib
pib_gestures.core - INFO - 2026-07-01 17:49:14,705 - setting up pib complete, moving joints
pib_gestures.core - INFO - 2026-07-01 17:49:17,705 - finished


pib_gestures.core - INFO - 2026-07-01 17:49:17,705 - finished


pib_gestures.core - INFO - 2026-07-01 17:49:25,953 - started, calculating center vector
pib_gestures.core - INFO - 2026-07-01 17:49:25,954 - center vector calculation finished, calculating head vector
pib_gestures.core - INFO - 2026-07-01 17:49:25,955 - head vector calculation finished, calculating joint angles
pib_gestures.core - INFO - 2026-07-01 17:49:25,955 - Confirmed head angles are within limits, adjusting joint rotation directions
pib_gestures.core - INFO - 2026-07-01 17:49:25,955 - adjusting joint rotation directions complete, setting up pib
pib_gestures.core - INFO - 2026-07-01 17:49:25,955 - setting up pib complete, moving joints
pib_gestures.core - INFO - 2026-07-01 17:49:28,955 - finished


pib_gestures.core - INFO - 2026-07-01 17:49:28,963 - started, calculating center vector
pib_gestures.core - INFO - 2026-07-01 17:49:28,964 - center vector calculation finished, running gesture choosing logic
pib_gestures.core - INFO - 2026-07-01 17:49:28,964 - gesture set, calculating arm vector
pib_gestures.core - INFO - 2026-07-01 17:49:28,964 - arm vector calculation finished, calculating joint angles
pib_gestures.core - INFO - 2026-07-01 17:49:28,964 - joint angle calculation finished, checking joint angle and distance limits
pib_gestures.core - INFO - 2026-07-01 17:49:28,965 - confirmed arm angles are within limits, adjusting joint rotation directions
pib_gestures.core - INFO - 2026-07-01 17:49:28,965 - adjusting joint rotation directions complete, moving joints
pib_gestures.core - INFO - 2026-07-01 17:49:28,965 - started, calculating center vector
pib_gestures.core - INFO - 2026-07-01 17:49:28,965 - center vector calculation finished, calculating head vector
pib_gestures.core - INFO - 2026-07-01 17:49:28,966 - head vector calculation finished, calculating joint angles
pib_gestures.core - INFO - 2026-07-01 17:49:28,966 - Confirmed head angles are within limits, adjusting joint rotation directions
pib_gestures.core - INFO - 2026-07-01 17:49:28,966 - adjusting joint rotation directions complete, setting up pib
pib_gestures.core - INFO - 2026-07-01 17:49:28,966 - setting up pib complete, moving joints
pib_gestures.core - INFO - 2026-07-01 17:49:31,966 - finished


pib_gestures.core - INFO - 2026-07-01 17:49:31,966 - publishing joint angles
pib_gestures.core - INFO - 2026-07-01 17:49:34,967 - gesture executed
pib_gestures.core - INFO - 2026-07-01 17:49:34,967 - started, calculating center vector
pib_gestures.core - INFO - 2026-07-01 17:49:34,968 - center vector calculation finished, calculating head vector
pib_gestures.core - INFO - 2026-07-01 17:49:34,968 - head vector calculation finished, calculating joint angles
pib_gestures.core - INFO - 2026-07-01 17:49:34,968 - Confirmed head angles are within limits, adjusting joint rotation directions
pib_gestures.core - INFO - 2026-07-01 17:49:34,968 - adjusting joint rotation directions complete, setting up pib
pib_gestures.core - INFO - 2026-07-01 17:49:34,968 - setting up pib complete, moving joints
pib_gestures.core - INFO - 2026-07-01 17:49:37,969 - finished


pib_gestures.core - INFO - 2026-07-01 17:49:37,969 - finished


pib_gestures.core - INFO - 2026-07-01 17:50:16,400 - started, calculating center vector
pib_gestures.core - INFO - 2026-07-01 17:50:16,400 - center vector calculation finished, calculating head vector
pib_gestures.core - INFO - 2026-07-01 17:50:16,401 - head vector calculation finished, calculating joint angles
pib_gestures.core - INFO - 2026-07-01 17:50:16,401 - Confirmed head angles are within limits, adjusting joint rotation directions
pib_gestures.core - INFO - 2026-07-01 17:50:16,401 - adjusting joint rotation directions complete, setting up pib
pib_gestures.core - INFO - 2026-07-01 17:50:16,401 - setting up pib complete, moving joints
pib_gestures.core - INFO - 2026-07-01 17:50:19,401 - finished


pib_gestures.core - INFO - 2026-07-01 17:50:19,411 - started, calculating center vector
pib_gestures.core - INFO - 2026-07-01 17:50:19,411 - center vector calculation finished, running gesture choosing logic
pib_gestures.core - INFO - 2026-07-01 17:50:19,412 - gesture set, calculating arm vector
pib_gestures.core - INFO - 2026-07-01 17:50:19,412 - arm vector calculation finished, calculating joint angles
pib_gestures.core - INFO - 2026-07-01 17:50:19,412 - joint angle calculation finished, checking joint angle and distance limits
pib_gestures.core - INFO - 2026-07-01 17:50:19,412 - confirmed arm angles are within limits, adjusting joint rotation directions
pib_gestures.core - INFO - 2026-07-01 17:50:19,412 - adjusting joint rotation directions complete, moving joints
pib_gestures.core - INFO - 2026-07-01 17:50:19,412 - started, calculating center vector
pib_gestures.core - INFO - 2026-07-01 17:50:19,413 - center vector calculation finished, calculating head vector
pib_gestures.core - INFO - 2026-07-01 17:50:19,413 - head vector calculation finished, calculating joint angles
pib_gestures.core - INFO - 2026-07-01 17:50:19,413 - Confirmed head angles are within limits, adjusting joint rotation directions
pib_gestures.core - INFO - 2026-07-01 17:50:19,413 - adjusting joint rotation directions complete, setting up pib
pib_gestures.core - INFO - 2026-07-01 17:50:19,413 - setting up pib complete, moving joints
pib_gestures.core - INFO - 2026-07-01 17:50:22,413 - finished


pib_gestures.core - INFO - 2026-07-01 17:50:22,414 - publishing joint angles
pib_gestures.core - INFO - 2026-07-01 17:50:24,414 - started, calculating center vector
pib_gestures.core - INFO - 2026-07-01 17:50:24,414 - center vector calculation finished, calculating head vector
pib_gestures.core - INFO - 2026-07-01 17:50:24,414 - head vector calculation finished, calculating joint angles
pib_gestures.core - INFO - 2026-07-01 17:50:24,415 - Confirmed head angles are within limits, adjusting joint rotation directions
pib_gestures.core - INFO - 2026-07-01 17:50:24,415 - adjusting joint rotation directions complete, setting up pib
pib_gestures.core - INFO - 2026-07-01 17:50:24,415 - setting up pib complete, moving joints
pib_gestures.core - INFO - 2026-07-01 17:50:27,415 - finished


pib_gestures.core - INFO - 2026-07-01 17:50:27,415 - finished


pib_gestures.core - INFO - 2026-07-01 17:50:58,999 - started, calculating center vector
pib_gestures.core - INFO - 2026-07-01 17:50:59,000 - center vector calculation finished, calculating head vector
pib_gestures.core - INFO - 2026-07-01 17:50:59,000 - head vector calculation finished, calculating joint angles
pib_gestures.core - INFO - 2026-07-01 17:50:59,000 - Confirmed head angles are within limits, adjusting joint rotation directions
pib_gestures.core - INFO - 2026-07-01 17:50:59,000 - adjusting joint rotation directions complete, setting up pib
pib_gestures.core - INFO - 2026-07-01 17:50:59,000 - setting up pib complete, moving joints
pib_gestures.core - INFO - 2026-07-01 17:51:02,001 - finished


pib_gestures.core - INFO - 2026-07-01 17:51:02,010 - started, calculating center vector
pib_gestures.core - INFO - 2026-07-01 17:51:02,011 - center vector calculation finished, running gesture choosing logic
pib_gestures.core - INFO - 2026-07-01 17:51:02,011 - gesture set, calculating arm vector
pib_gestures.core - INFO - 2026-07-01 17:51:02,011 - arm vector calculation finished, calculating joint angles
pib_gestures.core - INFO - 2026-07-01 17:51:02,011 - joint angle calculation finished, checking joint angle and distance limits
pib_gestures.core - INFO - 2026-07-01 17:51:02,011 - confirmed arm angles are within limits, adjusting joint rotation directions
pib_gestures.core - INFO - 2026-07-01 17:51:02,011 - adjusting joint rotation directions complete, moving joints
pib_gestures.core - INFO - 2026-07-01 17:51:02,011 - started, calculating center vector
pib_gestures.core - INFO - 2026-07-01 17:51:02,012 - center vector calculation finished, calculating head vector
pib_gestures.core - INFO - 2026-07-01 17:51:02,012 - head vector calculation finished, calculating joint angles
pib_gestures.core - INFO - 2026-07-01 17:51:02,012 - Confirmed head angles are within limits, adjusting joint rotation directions
pib_gestures.core - INFO - 2026-07-01 17:51:02,012 - adjusting joint rotation directions complete, setting up pib
pib_gestures.core - INFO - 2026-07-01 17:51:02,012 - setting up pib complete, moving joints
pib_gestures.core - INFO - 2026-07-01 17:51:05,012 - finished


pib_gestures.core - INFO - 2026-07-01 17:51:05,012 - publishing joint angles
pib_gestures.core - INFO - 2026-07-01 17:51:07,012 - started, calculating center vector
pib_gestures.core - INFO - 2026-07-01 17:51:07,013 - center vector calculation finished, calculating head vector
pib_gestures.core - INFO - 2026-07-01 17:51:07,013 - head vector calculation finished, calculating joint angles
pib_gestures.core - INFO - 2026-07-01 17:51:07,014 - Confirmed head angles are within limits, adjusting joint rotation directions
pib_gestures.core - INFO - 2026-07-01 17:51:07,014 - adjusting joint rotation directions complete, setting up pib
pib_gestures.core - INFO - 2026-07-01 17:51:07,014 - setting up pib complete, moving joints
pib_gestures.core - INFO - 2026-07-01 17:51:10,014 - finished


pib_gestures.core - INFO - 2026-07-01 17:51:10,014 - finished


pib_gestures.core - INFO - 2026-07-01 17:51:48,936 - started, calculating center vector
pib_gestures.core - INFO - 2026-07-01 17:51:48,936 - center vector calculation finished, calculating head vector
pib_gestures.core - INFO - 2026-07-01 17:51:48,937 - head vector calculation finished, calculating joint angles
pib_gestures.core - INFO - 2026-07-01 17:51:48,937 - Confirmed head angles are within limits, adjusting joint rotation directions
pib_gestures.core - INFO - 2026-07-01 17:51:48,937 - adjusting joint rotation directions complete, setting up pib
pib_gestures.core - INFO - 2026-07-01 17:51:48,937 - setting up pib complete, moving joints
pib_gestures.core - INFO - 2026-07-01 17:51:51,937 - finished


pib_gestures.core - INFO - 2026-07-01 17:51:51,945 - started, calculating center vector
pib_gestures.core - INFO - 2026-07-01 17:51:51,945 - center vector calculation finished, running gesture choosing logic
pib_gestures.core - INFO - 2026-07-01 17:51:51,946 - gesture set, calculating arm vector
pib_gestures.core - INFO - 2026-07-01 17:51:51,946 - arm vector calculation finished, calculating joint angles
pib_gestures.core - INFO - 2026-07-01 17:51:51,946 - joint angle calculation finished, checking joint angle and distance limits
pib_gestures.core - INFO - 2026-07-01 17:51:51,946 - confirmed arm angles are within limits, adjusting joint rotation directions
pib_gestures.core - INFO - 2026-07-01 17:51:51,946 - adjusting joint rotation directions complete, moving joints
pib_gestures.core - INFO - 2026-07-01 17:51:51,946 - started, calculating center vector
pib_gestures.core - INFO - 2026-07-01 17:51:51,947 - center vector calculation finished, calculating head vector
pib_gestures.core - INFO - 2026-07-01 17:51:51,947 - head vector calculation finished, calculating joint angles
pib_gestures.core - INFO - 2026-07-01 17:51:51,947 - Confirmed head angles are within limits, adjusting joint rotation directions
pib_gestures.core - INFO - 2026-07-01 17:51:51,947 - adjusting joint rotation directions complete, setting up pib
pib_gestures.core - INFO - 2026-07-01 17:51:51,947 - setting up pib complete, moving joints
pib_gestures.core - INFO - 2026-07-01 17:51:54,947 - finished


pib_gestures.core - INFO - 2026-07-01 17:51:54,947 - publishing joint angles
pib_gestures.core - INFO - 2026-07-01 17:51:56,948 - started, calculating center vector
pib_gestures.core - INFO - 2026-07-01 17:51:56,948 - center vector calculation finished, calculating head vector
pib_gestures.core - INFO - 2026-07-01 17:51:56,948 - head vector calculation finished, calculating joint angles
pib_gestures.core - INFO - 2026-07-01 17:51:56,948 - Confirmed head angles are within limits, adjusting joint rotation directions
pib_gestures.core - INFO - 2026-07-01 17:51:56,948 - adjusting joint rotation directions complete, setting up pib
pib_gestures.core - INFO - 2026-07-01 17:51:56,948 - setting up pib complete, moving joints
pib_gestures.core - INFO - 2026-07-01 17:51:59,949 - finished


pib_gestures.core - INFO - 2026-07-01 17:51:59,949 - finished


pib_gestures.core - INFO - 2026-07-01 17:54:37,720 - started, calculating center vector
pib_gestures.core - INFO - 2026-07-01 17:54:37,721 - center vector calculation finished, calculating head vector
pib_gestures.core - INFO - 2026-07-01 17:54:37,721 - head vector calculation finished, calculating joint angles
pib_gestures.core - INFO - 2026-07-01 17:54:37,721 - Confirmed head angles are within limits, adjusting joint rotation directions
pib_gestures.core - INFO - 2026-07-01 17:54:37,721 - adjusting joint rotation directions complete, setting up pib
pib_gestures.core - INFO - 2026-07-01 17:54:37,721 - setting up pib complete, moving joints
pib_gestures.core - INFO - 2026-07-01 17:54:40,721 - finished


pib_gestures.core - INFO - 2026-07-01 17:54:40,731 - started, calculating center vector
pib_gestures.core - INFO - 2026-07-01 17:54:40,732 - center vector calculation finished, running gesture choosing logic
pib_gestures.core - INFO - 2026-07-01 17:54:40,732 - gesture set, calculating arm vector
pib_gestures.core - INFO - 2026-07-01 17:54:40,732 - arm vector calculation finished, calculating joint angles
pib_gestures.core - INFO - 2026-07-01 17:54:40,732 - joint angle calculation finished, checking joint angle and distance limits
pib_gestures.core - INFO - 2026-07-01 17:54:40,733 - confirmed arm angles are within limits, adjusting joint rotation directions
pib_gestures.core - INFO - 2026-07-01 17:54:40,733 - adjusting joint rotation directions complete, moving joints
pib_gestures.core - INFO - 2026-07-01 17:54:40,733 - started, calculating center vector
pib_gestures.core - INFO - 2026-07-01 17:54:40,733 - center vector calculation finished, calculating head vector
pib_gestures.core - INFO - 2026-07-01 17:54:40,733 - head vector calculation finished, calculating joint angles
pib_gestures.core - INFO - 2026-07-01 17:54:40,734 - Confirmed head angles are within limits, adjusting joint rotation directions
pib_gestures.core - INFO - 2026-07-01 17:54:40,734 - adjusting joint rotation directions complete, setting up pib
pib_gestures.core - INFO - 2026-07-01 17:54:40,734 - setting up pib complete, moving joints
pib_gestures.core - INFO - 2026-07-01 17:54:43,734 - finished


pib_gestures.core - INFO - 2026-07-01 17:54:43,734 - publishing joint angles
pib_gestures.core - INFO - 2026-07-01 17:54:45,734 - started, calculating center vector
pib_gestures.core - INFO - 2026-07-01 17:54:45,735 - center vector calculation finished, calculating head vector
pib_gestures.core - INFO - 2026-07-01 17:54:45,735 - head vector calculation finished, calculating joint angles
pib_gestures.core - INFO - 2026-07-01 17:54:45,735 - Confirmed head angles are within limits, adjusting joint rotation directions
pib_gestures.core - INFO - 2026-07-01 17:54:45,736 - adjusting joint rotation directions complete, setting up pib
pib_gestures.core - INFO - 2026-07-01 17:54:45,736 - setting up pib complete, moving joints
pib_gestures.core - INFO - 2026-07-01 17:54:48,736 - finished


pib_gestures.core - INFO - 2026-07-01 17:54:48,736 - finished


pib_gestures.core - INFO - 2026-07-01 17:56:18,868 - started, calculating center vector
pib_gestures.core - INFO - 2026-07-01 17:56:18,868 - center vector calculation finished, calculating head vector
pib_gestures.core - INFO - 2026-07-01 17:56:18,869 - head vector calculation finished, calculating joint angles
pib_gestures.core - INFO - 2026-07-01 17:56:18,869 - Confirmed head angles are within limits, adjusting joint rotation directions
pib_gestures.core - INFO - 2026-07-01 17:56:18,869 - adjusting joint rotation directions complete, setting up pib
pib_gestures.core - INFO - 2026-07-01 17:56:18,869 - setting up pib complete, moving joints
pib_gestures.core - INFO - 2026-07-01 17:56:21,869 - finished


pib_gestures.core - INFO - 2026-07-01 17:56:21,876 - started, calculating center vector
pib_gestures.core - INFO - 2026-07-01 17:56:21,877 - center vector calculation finished, running gesture choosing logic
pib_gestures.core - INFO - 2026-07-01 17:56:21,877 - gesture set, calculating arm vector
pib_gestures.core - INFO - 2026-07-01 17:56:21,877 - arm vector calculation finished, calculating joint angles
pib_gestures.core - INFO - 2026-07-01 17:56:21,877 - joint angle calculation finished, checking joint angle and distance limits
pib_gestures.core - INFO - 2026-07-01 17:56:21,877 - confirmed arm angles are within limits, adjusting joint rotation directions
pib_gestures.core - INFO - 2026-07-01 17:56:21,878 - adjusting joint rotation directions complete, moving joints
pib_gestures.core - INFO - 2026-07-01 17:56:21,878 - started, calculating center vector
pib_gestures.core - INFO - 2026-07-01 17:56:21,878 - center vector calculation finished, calculating head vector
pib_gestures.core - INFO - 2026-07-01 17:56:21,879 - head vector calculation finished, calculating joint angles
pib_gestures.core - INFO - 2026-07-01 17:56:21,879 - Confirmed head angles are within limits, adjusting joint rotation directions
pib_gestures.core - INFO - 2026-07-01 17:56:21,879 - adjusting joint rotation directions complete, setting up pib
pib_gestures.core - INFO - 2026-07-01 17:56:21,879 - setting up pib complete, moving joints
pib_gestures.core - INFO - 2026-07-01 17:56:24,879 - finished


pib_gestures.core - INFO - 2026-07-01 17:56:24,879 - publishing joint angles
pib_gestures.core - INFO - 2026-07-01 17:56:26,879 - started, calculating center vector
pib_gestures.core - INFO - 2026-07-01 17:56:26,880 - center vector calculation finished, calculating head vector
pib_gestures.core - INFO - 2026-07-01 17:56:26,880 - head vector calculation finished, calculating joint angles
pib_gestures.core - INFO - 2026-07-01 17:56:26,880 - Confirmed head angles are within limits, adjusting joint rotation directions
pib_gestures.core - INFO - 2026-07-01 17:56:26,880 - adjusting joint rotation directions complete, setting up pib
pib_gestures.core - INFO - 2026-07-01 17:56:26,880 - setting up pib complete, moving joints
pib_gestures.core - INFO - 2026-07-01 17:56:29,880 - finished


pib_gestures.core - INFO - 2026-07-01 17:56:29,880 - finished


pib_gestures.core - INFO - 2026-07-01 17:57:13,314 - started, calculating center vector
pib_gestures.core - INFO - 2026-07-01 17:57:13,314 - center vector calculation finished, calculating head vector
pib_gestures.core - INFO - 2026-07-01 17:57:13,315 - head vector calculation finished, calculating joint angles
pib_gestures.core - INFO - 2026-07-01 17:57:13,315 - Confirmed head angles are within limits, adjusting joint rotation directions
pib_gestures.core - INFO - 2026-07-01 17:57:13,315 - adjusting joint rotation directions complete, setting up pib
pib_gestures.core - INFO - 2026-07-01 17:57:13,315 - setting up pib complete, moving joints
pib_gestures.core - INFO - 2026-07-01 17:57:16,315 - finished


pib_gestures.core - INFO - 2026-07-01 17:57:16,325 - started, calculating center vector
pib_gestures.core - INFO - 2026-07-01 17:57:16,325 - center vector calculation finished, running gesture choosing logic
pib_gestures.core - INFO - 2026-07-01 17:57:16,325 - gesture set, calculating arm vector
pib_gestures.core - INFO - 2026-07-01 17:57:16,326 - arm vector calculation finished, calculating joint angles
pib_gestures.core - INFO - 2026-07-01 17:57:16,326 - joint angle calculation finished, checking joint angle and distance limits
pib_gestures.core - INFO - 2026-07-01 17:57:16,326 - confirmed arm angles are within limits, adjusting joint rotation directions
pib_gestures.core - INFO - 2026-07-01 17:57:16,326 - adjusting joint rotation directions complete, moving joints
pib_gestures.core - INFO - 2026-07-01 17:57:16,326 - started, calculating center vector
pib_gestures.core - INFO - 2026-07-01 17:57:16,326 - center vector calculation finished, calculating head vector
pib_gestures.core - INFO - 2026-07-01 17:57:16,327 - head vector calculation finished, calculating joint angles
pib_gestures.core - INFO - 2026-07-01 17:57:16,327 - Confirmed head angles are within limits, adjusting joint rotation directions
pib_gestures.core - INFO - 2026-07-01 17:57:16,327 - adjusting joint rotation directions complete, setting up pib
pib_gestures.core - INFO - 2026-07-01 17:57:16,327 - setting up pib complete, moving joints
pib_gestures.core - INFO - 2026-07-01 17:57:19,327 - finished


pib_gestures.core - INFO - 2026-07-01 17:57:19,327 - publishing joint angles
pib_gestures.core - INFO - 2026-07-01 17:57:21,328 - started, calculating center vector
pib_gestures.core - INFO - 2026-07-01 17:57:21,328 - center vector calculation finished, calculating head vector
pib_gestures.core - INFO - 2026-07-01 17:57:21,328 - head vector calculation finished, calculating joint angles
pib_gestures.core - INFO - 2026-07-01 17:57:21,328 - Confirmed head angles are within limits, adjusting joint rotation directions
pib_gestures.core - INFO - 2026-07-01 17:57:21,329 - adjusting joint rotation directions complete, setting up pib
pib_gestures.core - INFO - 2026-07-01 17:57:21,329 - setting up pib complete, moving joints
pib_gestures.core - INFO - 2026-07-01 17:57:24,329 - finished


pib_gestures.core - INFO - 2026-07-01 17:57:24,329 - finished


pib_gestures.core - INFO - 2026-07-01 17:57:44,808 - started, calculating center vector
pib_gestures.core - INFO - 2026-07-01 17:57:44,809 - center vector calculation finished, calculating head vector
pib_gestures.core - INFO - 2026-07-01 17:57:44,809 - head vector calculation finished, calculating joint angles
pib_gestures.core - INFO - 2026-07-01 17:57:44,809 - Confirmed head angles are within limits, adjusting joint rotation directions
pib_gestures.core - INFO - 2026-07-01 17:57:44,809 - adjusting joint rotation directions complete, setting up pib
pib_gestures.core - INFO - 2026-07-01 17:57:44,809 - setting up pib complete, moving joints
pib_gestures.core - INFO - 2026-07-01 17:57:47,809 - finished


pib_gestures.core - INFO - 2026-07-01 17:57:47,818 - started, calculating center vector
pib_gestures.core - INFO - 2026-07-01 17:57:47,818 - center vector calculation finished, running gesture choosing logic
pib_gestures.core - INFO - 2026-07-01 17:57:47,818 - gesture set, calculating arm vector
pib_gestures.core - INFO - 2026-07-01 17:57:47,819 - arm vector calculation finished, calculating joint angles
pib_gestures.core - INFO - 2026-07-01 17:57:47,819 - joint angle calculation finished, checking joint angle and distance limits
pib_gestures.core - INFO - 2026-07-01 17:57:47,819 - confirmed arm angles are within limits, adjusting joint rotation directions
pib_gestures.core - INFO - 2026-07-01 17:57:47,819 - adjusting joint rotation directions complete, moving joints
pib_gestures.core - INFO - 2026-07-01 17:57:47,819 - started, calculating center vector
pib_gestures.core - INFO - 2026-07-01 17:57:47,820 - center vector calculation finished, calculating head vector
pib_gestures.core - INFO - 2026-07-01 17:57:47,820 - head vector calculation finished, calculating joint angles
pib_gestures.core - INFO - 2026-07-01 17:57:47,820 - Confirmed head angles are within limits, adjusting joint rotation directions
pib_gestures.core - INFO - 2026-07-01 17:57:47,820 - adjusting joint rotation directions complete, setting up pib
pib_gestures.core - INFO - 2026-07-01 17:57:47,820 - setting up pib complete, moving joints
pib_gestures.core - INFO - 2026-07-01 17:57:50,821 - finished


pib_gestures.core - INFO - 2026-07-01 17:57:50,821 - publishing joint angles
pib_gestures.core - INFO - 2026-07-01 17:57:53,821 - gesture executed
pib_gestures.core - INFO - 2026-07-01 17:57:53,822 - started, calculating center vector
pib_gestures.core - INFO - 2026-07-01 17:57:53,822 - center vector calculation finished, calculating head vector
pib_gestures.core - INFO - 2026-07-01 17:57:53,822 - head vector calculation finished, calculating joint angles
pib_gestures.core - INFO - 2026-07-01 17:57:53,822 - Confirmed head angles are within limits, adjusting joint rotation directions
pib_gestures.core - INFO - 2026-07-01 17:57:53,822 - adjusting joint rotation directions complete, setting up pib
pib_gestures.core - INFO - 2026-07-01 17:57:53,822 - setting up pib complete, moving joints
pib_gestures.core - INFO - 2026-07-01 17:57:56,823 - finished


pib_gestures.core - INFO - 2026-07-01 17:57:56,823 - finished


pib_gestures.core - INFO - 2026-07-01 17:58:19,621 - started, calculating center vector
pib_gestures.core - INFO - 2026-07-01 17:58:19,621 - center vector calculation finished, calculating head vector
pib_gestures.core - INFO - 2026-07-01 17:58:19,622 - head vector calculation finished, calculating joint angles
pib_gestures.core - INFO - 2026-07-01 17:58:19,622 - Confirmed head angles are within limits, adjusting joint rotation directions
pib_gestures.core - INFO - 2026-07-01 17:58:19,622 - adjusting joint rotation directions complete, setting up pib
pib_gestures.core - INFO - 2026-07-01 17:58:19,622 - setting up pib complete, moving joints
pib_gestures.core - INFO - 2026-07-01 17:58:22,622 - finished


pib_gestures.core - INFO - 2026-07-01 17:58:22,634 - started, calculating center vector
pib_gestures.core - INFO - 2026-07-01 17:58:22,635 - center vector calculation finished, running gesture choosing logic
pib_gestures.core - INFO - 2026-07-01 17:58:22,635 - gesture set, calculating arm vector
pib_gestures.core - INFO - 2026-07-01 17:58:22,635 - arm vector calculation finished, calculating joint angles
pib_gestures.core - INFO - 2026-07-01 17:58:22,635 - joint angle calculation finished, checking joint angle and distance limits
pib_gestures.core - INFO - 2026-07-01 17:58:22,636 - confirmed arm angles are within limits, adjusting joint rotation directions
pib_gestures.core - INFO - 2026-07-01 17:58:22,636 - adjusting joint rotation directions complete, moving joints
pib_gestures.core - INFO - 2026-07-01 17:58:22,636 - started, calculating center vector
pib_gestures.core - INFO - 2026-07-01 17:58:22,636 - center vector calculation finished, calculating head vector
pib_gestures.core - INFO - 2026-07-01 17:58:22,636 - head vector calculation finished, calculating joint angles
pib_gestures.core - INFO - 2026-07-01 17:58:22,636 - Confirmed head angles are within limits, adjusting joint rotation directions
pib_gestures.core - INFO - 2026-07-01 17:58:22,636 - adjusting joint rotation directions complete, setting up pib
pib_gestures.core - INFO - 2026-07-01 17:58:22,636 - setting up pib complete, moving joints
pib_gestures.core - INFO - 2026-07-01 17:58:25,637 - finished


pib_gestures.core - INFO - 2026-07-01 17:58:25,637 - publishing joint angles
pib_gestures.core - INFO - 2026-07-01 17:58:27,637 - started, calculating center vector
pib_gestures.core - INFO - 2026-07-01 17:58:27,637 - center vector calculation finished, calculating head vector
pib_gestures.core - INFO - 2026-07-01 17:58:27,638 - head vector calculation finished, calculating joint angles
pib_gestures.core - INFO - 2026-07-01 17:58:27,638 - Confirmed head angles are within limits, adjusting joint rotation directions
pib_gestures.core - INFO - 2026-07-01 17:58:27,638 - adjusting joint rotation directions complete, setting up pib
pib_gestures.core - INFO - 2026-07-01 17:58:27,638 - setting up pib complete, moving joints
pib_gestures.core - INFO - 2026-07-01 17:58:30,638 - finished


pib_gestures.core - INFO - 2026-07-01 17:58:30,638 - finished


pib_gestures.core - INFO - 2026-07-01 17:59:41,553 - started, calculating center vector
pib_gestures.core - INFO - 2026-07-01 17:59:41,554 - center vector calculation finished, calculating head vector
pib_gestures.core - INFO - 2026-07-01 17:59:41,554 - head vector calculation finished, calculating joint angles
pib_gestures.core - INFO - 2026-07-01 17:59:41,554 - Confirmed head angles are within limits, adjusting joint rotation directions
pib_gestures.core - INFO - 2026-07-01 17:59:41,554 - adjusting joint rotation directions complete, setting up pib
pib_gestures.core - INFO - 2026-07-01 17:59:41,554 - setting up pib complete, moving joints
pib_gestures.core - INFO - 2026-07-01 17:59:44,554 - finished


pib_gestures.core - INFO - 2026-07-01 17:59:44,565 - started, calculating center vector
pib_gestures.core - INFO - 2026-07-01 17:59:44,565 - center vector calculation finished, running gesture choosing logic
pib_gestures.core - INFO - 2026-07-01 17:59:44,565 - gesture set, calculating arm vector
pib_gestures.core - INFO - 2026-07-01 17:59:44,565 - arm vector calculation finished, calculating joint angles
pib_gestures.core - INFO - 2026-07-01 17:59:44,566 - joint angle calculation finished, checking joint angle and distance limits
pib_gestures.core - INFO - 2026-07-01 17:59:44,566 - confirmed arm angles are within limits, adjusting joint rotation directions
pib_gestures.core - INFO - 2026-07-01 17:59:44,566 - adjusting joint rotation directions complete, moving joints
pib_gestures.core - INFO - 2026-07-01 17:59:44,566 - started, calculating center vector
pib_gestures.core - INFO - 2026-07-01 17:59:44,566 - center vector calculation finished, calculating head vector
pib_gestures.core - INFO - 2026-07-01 17:59:44,567 - head vector calculation finished, calculating joint angles
pib_gestures.core - INFO - 2026-07-01 17:59:44,567 - Confirmed head angles are within limits, adjusting joint rotation directions
pib_gestures.core - INFO - 2026-07-01 17:59:44,567 - adjusting joint rotation directions complete, setting up pib
pib_gestures.core - INFO - 2026-07-01 17:59:44,567 - setting up pib complete, moving joints
pib_gestures.core - INFO - 2026-07-01 17:59:47,567 - finished


pib_gestures.core - INFO - 2026-07-01 17:59:47,567 - publishing joint angles
pib_gestures.core - INFO - 2026-07-01 17:59:49,567 - started, calculating center vector
pib_gestures.core - INFO - 2026-07-01 17:59:49,568 - center vector calculation finished, calculating head vector
pib_gestures.core - INFO - 2026-07-01 17:59:49,568 - head vector calculation finished, calculating joint angles
pib_gestures.core - INFO - 2026-07-01 17:59:49,568 - Confirmed head angles are within limits, adjusting joint rotation directions
pib_gestures.core - INFO - 2026-07-01 17:59:49,568 - adjusting joint rotation directions complete, setting up pib
pib_gestures.core - INFO - 2026-07-01 17:59:49,568 - setting up pib complete, moving joints
pib_gestures.core - INFO - 2026-07-01 17:59:52,568 - finished


pib_gestures.core - INFO - 2026-07-01 17:59:52,568 - finished


pib_gestures.core - INFO - 2026-07-01 18:00:17,434 - started, calculating center vector
pib_gestures.core - INFO - 2026-07-01 18:00:17,435 - center vector calculation finished, calculating head vector
pib_gestures.core - INFO - 2026-07-01 18:00:17,435 - head vector calculation finished, calculating joint angles
pib_gestures.core - INFO - 2026-07-01 18:00:17,435 - Confirmed head angles are within limits, adjusting joint rotation directions
pib_gestures.core - INFO - 2026-07-01 18:00:17,435 - adjusting joint rotation directions complete, setting up pib
pib_gestures.core - INFO - 2026-07-01 18:00:17,435 - setting up pib complete, moving joints
pib_gestures.core - INFO - 2026-07-01 18:00:20,436 - finished


pib_gestures.core - INFO - 2026-07-01 18:00:20,446 - started, calculating center vector
pib_gestures.core - INFO - 2026-07-01 18:00:20,447 - center vector calculation finished, running gesture choosing logic
pib_gestures.core - INFO - 2026-07-01 18:00:20,447 - gesture set, calculating arm vector
pib_gestures.core - INFO - 2026-07-01 18:00:20,448 - arm vector calculation finished, calculating joint angles
pib_gestures.core - INFO - 2026-07-01 18:00:20,448 - joint angle calculation finished, checking joint angle and distance limits
pib_gestures.core - INFO - 2026-07-01 18:00:20,448 - confirmed arm angles are within limits, adjusting joint rotation directions
pib_gestures.core - INFO - 2026-07-01 18:00:20,448 - adjusting joint rotation directions complete, moving joints
pib_gestures.core - INFO - 2026-07-01 18:00:20,448 - started, calculating center vector
pib_gestures.core - INFO - 2026-07-01 18:00:20,449 - center vector calculation finished, calculating head vector
pib_gestures.core - INFO - 2026-07-01 18:00:20,449 - head vector calculation finished, calculating joint angles
pib_gestures.core - INFO - 2026-07-01 18:00:20,449 - Confirmed head angles are within limits, adjusting joint rotation directions
pib_gestures.core - INFO - 2026-07-01 18:00:20,449 - adjusting joint rotation directions complete, setting up pib
pib_gestures.core - INFO - 2026-07-01 18:00:20,449 - setting up pib complete, moving joints
pib_gestures.core - INFO - 2026-07-01 18:00:23,449 - finished


pib_gestures.core - INFO - 2026-07-01 18:00:23,449 - publishing joint angles
pib_gestures.core - INFO - 2026-07-01 18:00:25,449 - started, calculating center vector
pib_gestures.core - INFO - 2026-07-01 18:00:25,450 - center vector calculation finished, calculating head vector
pib_gestures.core - INFO - 2026-07-01 18:00:25,450 - head vector calculation finished, calculating joint angles
pib_gestures.core - INFO - 2026-07-01 18:00:25,450 - Confirmed head angles are within limits, adjusting joint rotation directions
pib_gestures.core - INFO - 2026-07-01 18:00:25,450 - adjusting joint rotation directions complete, setting up pib
pib_gestures.core - INFO - 2026-07-01 18:00:25,450 - setting up pib complete, moving joints
pib_gestures.core - INFO - 2026-07-01 18:00:28,450 - finished


pib_gestures.core - INFO - 2026-07-01 18:00:28,451 - finished


pib_gestures.core - INFO - 2026-07-01 18:01:21,362 - started, calculating center vector
pib_gestures.core - INFO - 2026-07-01 18:01:21,362 - center vector calculation finished, calculating head vector
pib_gestures.core - INFO - 2026-07-01 18:01:21,363 - head vector calculation finished, calculating joint angles
pib_gestures.core - INFO - 2026-07-01 18:01:21,363 - Confirmed head angles are within limits, adjusting joint rotation directions
pib_gestures.core - INFO - 2026-07-01 18:01:21,363 - adjusting joint rotation directions complete, setting up pib
pib_gestures.core - INFO - 2026-07-01 18:01:21,363 - setting up pib complete, moving joints
pib_gestures.core - INFO - 2026-07-01 18:01:24,363 - finished


pib_gestures.core - INFO - 2026-07-01 18:01:24,374 - started, calculating center vector
pib_gestures.core - INFO - 2026-07-01 18:01:24,375 - center vector calculation finished, running gesture choosing logic
pib_gestures.core - INFO - 2026-07-01 18:01:24,375 - gesture set, calculating arm vector
pib_gestures.core - INFO - 2026-07-01 18:01:24,375 - arm vector calculation finished, calculating joint angles
pib_gestures.core - INFO - 2026-07-01 18:01:24,376 - joint angle calculation finished, checking joint angle and distance limits
pib_gestures.core - INFO - 2026-07-01 18:01:24,376 - confirmed arm angles are within limits, adjusting joint rotation directions
pib_gestures.core - INFO - 2026-07-01 18:01:24,376 - adjusting joint rotation directions complete, moving joints
pib_gestures.core - INFO - 2026-07-01 18:01:24,376 - started, calculating center vector
pib_gestures.core - INFO - 2026-07-01 18:01:24,377 - center vector calculation finished, calculating head vector
pib_gestures.core - INFO - 2026-07-01 18:01:24,377 - head vector calculation finished, calculating joint angles
pib_gestures.core - INFO - 2026-07-01 18:01:24,377 - Confirmed head angles are within limits, adjusting joint rotation directions
pib_gestures.core - INFO - 2026-07-01 18:01:24,377 - adjusting joint rotation directions complete, setting up pib
pib_gestures.core - INFO - 2026-07-01 18:01:24,377 - setting up pib complete, moving joints
pib_gestures.core - INFO - 2026-07-01 18:01:27,377 - finished


pib_gestures.core - INFO - 2026-07-01 18:01:27,377 - publishing joint angles
pib_gestures.core - INFO - 2026-07-01 18:01:29,377 - started, calculating center vector
pib_gestures.core - INFO - 2026-07-01 18:01:29,378 - center vector calculation finished, calculating head vector
pib_gestures.core - INFO - 2026-07-01 18:01:29,378 - head vector calculation finished, calculating joint angles
pib_gestures.core - INFO - 2026-07-01 18:01:29,378 - Confirmed head angles are within limits, adjusting joint rotation directions
pib_gestures.core - INFO - 2026-07-01 18:01:29,378 - adjusting joint rotation directions complete, setting up pib
pib_gestures.core - INFO - 2026-07-01 18:01:29,378 - setting up pib complete, moving joints
pib_gestures.core - INFO - 2026-07-01 18:01:32,378 - finished


pib_gestures.core - INFO - 2026-07-01 18:01:32,378 - finished


pib_gestures.core - INFO - 2026-07-01 18:04:20,817 - started, calculating center vector
pib_gestures.core - INFO - 2026-07-01 18:04:20,818 - center vector calculation finished, calculating head vector
pib_gestures.core - INFO - 2026-07-01 18:04:20,818 - head vector calculation finished, calculating joint angles
pib_gestures.core - INFO - 2026-07-01 18:04:20,818 - Confirmed head angles are within limits, adjusting joint rotation directions
pib_gestures.core - INFO - 2026-07-01 18:04:20,818 - adjusting joint rotation directions complete, setting up pib
pib_gestures.core - INFO - 2026-07-01 18:04:20,818 - setting up pib complete, moving joints
pib_gestures.core - INFO - 2026-07-01 18:04:23,818 - finished


pib_gestures.core - INFO - 2026-07-01 18:04:23,827 - started, calculating center vector
pib_gestures.core - INFO - 2026-07-01 18:04:23,827 - center vector calculation finished, running gesture choosing logic
pib_gestures.core - INFO - 2026-07-01 18:04:23,827 - gesture set, calculating arm vector
pib_gestures.core - INFO - 2026-07-01 18:04:23,828 - arm vector calculation finished, calculating joint angles
pib_gestures.core - INFO - 2026-07-01 18:04:23,828 - joint angle calculation finished, checking joint angle and distance limits
pib_gestures.core - INFO - 2026-07-01 18:04:23,828 - confirmed arm angles are within limits, adjusting joint rotation directions
pib_gestures.core - INFO - 2026-07-01 18:04:23,828 - adjusting joint rotation directions complete, moving joints
pib_gestures.core - INFO - 2026-07-01 18:04:23,828 - started, calculating center vector
pib_gestures.core - INFO - 2026-07-01 18:04:23,829 - center vector calculation finished, calculating head vector
pib_gestures.core - INFO - 2026-07-01 18:04:23,829 - head vector calculation finished, calculating joint angles
pib_gestures.core - INFO - 2026-07-01 18:04:23,829 - Confirmed head angles are within limits, adjusting joint rotation directions
pib_gestures.core - INFO - 2026-07-01 18:04:23,829 - adjusting joint rotation directions complete, setting up pib
pib_gestures.core - INFO - 2026-07-01 18:04:23,829 - setting up pib complete, moving joints
pib_gestures.core - INFO - 2026-07-01 18:04:26,829 - finished


pib_gestures.core - INFO - 2026-07-01 18:04:26,830 - publishing joint angles
pib_gestures.core - INFO - 2026-07-01 18:04:28,830 - started, calculating center vector
pib_gestures.core - INFO - 2026-07-01 18:04:28,830 - center vector calculation finished, calculating head vector
pib_gestures.core - INFO - 2026-07-01 18:04:28,830 - head vector calculation finished, calculating joint angles
pib_gestures.core - INFO - 2026-07-01 18:04:28,830 - Confirmed head angles are within limits, adjusting joint rotation directions
pib_gestures.core - INFO - 2026-07-01 18:04:28,830 - adjusting joint rotation directions complete, setting up pib
pib_gestures.core - INFO - 2026-07-01 18:04:28,830 - setting up pib complete, moving joints
pib_gestures.core - INFO - 2026-07-01 18:04:31,830 - finished


pib_gestures.core - INFO - 2026-07-01 18:04:31,831 - finished


pib_gestures.core - INFO - 2026-07-01 18:06:39,714 - started, calculating center vector
pib_gestures.core - INFO - 2026-07-01 18:06:39,714 - center vector calculation finished, calculating head vector
pib_gestures.core - INFO - 2026-07-01 18:06:39,714 - head vector calculation finished, calculating joint angles
pib_gestures.core - INFO - 2026-07-01 18:06:39,714 - Confirmed head angles are within limits, adjusting joint rotation directions
pib_gestures.core - INFO - 2026-07-01 18:06:39,714 - adjusting joint rotation directions complete, setting up pib
pib_gestures.core - INFO - 2026-07-01 18:06:39,715 - setting up pib complete, moving joints
pib_gestures.core - INFO - 2026-07-01 18:06:42,715 - finished


pib_gestures.core - INFO - 2026-07-01 18:06:42,725 - started, calculating center vector
pib_gestures.core - INFO - 2026-07-01 18:06:42,726 - center vector calculation finished, running gesture choosing logic
pib_gestures.core - INFO - 2026-07-01 18:06:42,726 - gesture set, calculating arm vector
pib_gestures.core - INFO - 2026-07-01 18:06:42,726 - arm vector calculation finished, calculating joint angles
pib_gestures.core - INFO - 2026-07-01 18:06:42,726 - joint angle calculation finished, checking joint angle and distance limits
pib_gestures.core - INFO - 2026-07-01 18:06:42,727 - confirmed arm angles are within limits, adjusting joint rotation directions
pib_gestures.core - INFO - 2026-07-01 18:06:42,727 - adjusting joint rotation directions complete, moving joints
pib_gestures.core - INFO - 2026-07-01 18:06:42,727 - started, calculating center vector
pib_gestures.core - INFO - 2026-07-01 18:06:42,727 - center vector calculation finished, calculating head vector
pib_gestures.core - INFO - 2026-07-01 18:06:42,727 - head vector calculation finished, calculating joint angles
pib_gestures.core - INFO - 2026-07-01 18:06:42,727 - Confirmed head angles are within limits, adjusting joint rotation directions
pib_gestures.core - INFO - 2026-07-01 18:06:42,727 - adjusting joint rotation directions complete, setting up pib
pib_gestures.core - INFO - 2026-07-01 18:06:42,727 - setting up pib complete, moving joints
pib_gestures.core - INFO - 2026-07-01 18:06:45,727 - finished


pib_gestures.core - INFO - 2026-07-01 18:06:45,728 - publishing joint angles
pib_gestures.core - INFO - 2026-07-01 18:06:47,728 - started, calculating center vector
pib_gestures.core - INFO - 2026-07-01 18:06:47,728 - center vector calculation finished, calculating head vector
pib_gestures.core - INFO - 2026-07-01 18:06:47,728 - head vector calculation finished, calculating joint angles
pib_gestures.core - INFO - 2026-07-01 18:06:47,728 - Confirmed head angles are within limits, adjusting joint rotation directions
pib_gestures.core - INFO - 2026-07-01 18:06:47,729 - adjusting joint rotation directions complete, setting up pib
pib_gestures.core - INFO - 2026-07-01 18:06:47,729 - setting up pib complete, moving joints
pib_gestures.core - INFO - 2026-07-01 18:06:50,729 - finished


pib_gestures.core - INFO - 2026-07-01 18:06:50,729 - finished


pib_gestures.core - INFO - 2026-07-01 18:07:17,126 - started, calculating center vector
pib_gestures.core - INFO - 2026-07-01 18:07:17,127 - center vector calculation finished, calculating head vector
pib_gestures.core - INFO - 2026-07-01 18:07:17,127 - head vector calculation finished, calculating joint angles
pib_gestures.core - INFO - 2026-07-01 18:07:17,128 - Confirmed head angles are within limits, adjusting joint rotation directions
pib_gestures.core - INFO - 2026-07-01 18:07:17,128 - adjusting joint rotation directions complete, setting up pib
pib_gestures.core - INFO - 2026-07-01 18:07:17,128 - setting up pib complete, moving joints
pib_gestures.core - INFO - 2026-07-01 18:07:20,128 - finished


pib_gestures.core - INFO - 2026-07-01 18:07:20,135 - started, calculating center vector
pib_gestures.core - INFO - 2026-07-01 18:07:20,136 - center vector calculation finished, running gesture choosing logic
pib_gestures.core - INFO - 2026-07-01 18:07:20,136 - gesture set, calculating arm vector
pib_gestures.core - INFO - 2026-07-01 18:07:20,137 - arm vector calculation finished, calculating joint angles
pib_gestures.core - INFO - 2026-07-01 18:07:20,137 - joint angle calculation finished, checking joint angle and distance limits
pib_gestures.core - INFO - 2026-07-01 18:07:20,137 - confirmed arm angles are within limits, adjusting joint rotation directions
pib_gestures.core - INFO - 2026-07-01 18:07:20,137 - adjusting joint rotation directions complete, moving joints
pib_gestures.core - INFO - 2026-07-01 18:07:20,137 - started, calculating center vector
pib_gestures.core - INFO - 2026-07-01 18:07:20,138 - center vector calculation finished, calculating head vector
pib_gestures.core - INFO - 2026-07-01 18:07:20,138 - head vector calculation finished, calculating joint angles
pib_gestures.core - INFO - 2026-07-01 18:07:20,138 - Confirmed head angles are within limits, adjusting joint rotation directions
pib_gestures.core - INFO - 2026-07-01 18:07:20,138 - adjusting joint rotation directions complete, setting up pib
pib_gestures.core - INFO - 2026-07-01 18:07:20,138 - setting up pib complete, moving joints
pib_gestures.core - INFO - 2026-07-01 18:07:23,139 - finished


pib_gestures.core - INFO - 2026-07-01 18:07:23,139 - publishing joint angles
pib_gestures.core - INFO - 2026-07-01 18:07:26,139 - gesture executed
pib_gestures.core - INFO - 2026-07-01 18:07:26,139 - started, calculating center vector
pib_gestures.core - INFO - 2026-07-01 18:07:26,140 - center vector calculation finished, calculating head vector
pib_gestures.core - INFO - 2026-07-01 18:07:26,140 - head vector calculation finished, calculating joint angles
pib_gestures.core - INFO - 2026-07-01 18:07:26,140 - Confirmed head angles are within limits, adjusting joint rotation directions
pib_gestures.core - INFO - 2026-07-01 18:07:26,140 - adjusting joint rotation directions complete, setting up pib
pib_gestures.core - INFO - 2026-07-01 18:07:26,140 - setting up pib complete, moving joints
pib_gestures.core - INFO - 2026-07-01 18:07:29,140 - finished


pib_gestures.core - INFO - 2026-07-01 18:07:29,140 - finished


pib_gestures.core - INFO - 2026-07-01 18:08:29,390 - started, calculating center vector
pib_gestures.core - INFO - 2026-07-01 18:08:29,391 - center vector calculation finished, calculating head vector
pib_gestures.core - INFO - 2026-07-01 18:08:29,391 - head vector calculation finished, calculating joint angles
pib_gestures.core - INFO - 2026-07-01 18:08:29,391 - Confirmed head angles are within limits, adjusting joint rotation directions
pib_gestures.core - INFO - 2026-07-01 18:08:29,391 - adjusting joint rotation directions complete, setting up pib
pib_gestures.core - INFO - 2026-07-01 18:08:29,391 - setting up pib complete, moving joints
pib_gestures.core - INFO - 2026-07-01 18:08:32,392 - finished


pib_gestures.core - INFO - 2026-07-01 18:08:32,400 - started, calculating center vector
pib_gestures.core - INFO - 2026-07-01 18:08:32,400 - center vector calculation finished, running gesture choosing logic
pib_gestures.core - INFO - 2026-07-01 18:08:32,400 - gesture set, calculating arm vector
pib_gestures.core - INFO - 2026-07-01 18:08:32,401 - arm vector calculation finished, calculating joint angles
pib_gestures.core - INFO - 2026-07-01 18:08:32,401 - joint angle calculation finished, checking joint angle and distance limits
pib_gestures.core - INFO - 2026-07-01 18:08:32,401 - confirmed arm angles are within limits, adjusting joint rotation directions
pib_gestures.core - INFO - 2026-07-01 18:08:32,401 - adjusting joint rotation directions complete, moving joints
pib_gestures.core - INFO - 2026-07-01 18:08:32,401 - started, calculating center vector
pib_gestures.core - INFO - 2026-07-01 18:08:32,402 - center vector calculation finished, calculating head vector
pib_gestures.core - INFO - 2026-07-01 18:08:32,402 - head vector calculation finished, calculating joint angles
pib_gestures.core - INFO - 2026-07-01 18:08:32,402 - Confirmed head angles are within limits, adjusting joint rotation directions
pib_gestures.core - INFO - 2026-07-01 18:08:32,402 - adjusting joint rotation directions complete, setting up pib
pib_gestures.core - INFO - 2026-07-01 18:08:32,402 - setting up pib complete, moving joints
pib_gestures.core - INFO - 2026-07-01 18:08:35,402 - finished


pib_gestures.core - INFO - 2026-07-01 18:08:35,402 - publishing joint angles
pib_gestures.core - INFO - 2026-07-01 18:08:37,403 - started, calculating center vector
pib_gestures.core - INFO - 2026-07-01 18:08:37,403 - center vector calculation finished, calculating head vector
pib_gestures.core - INFO - 2026-07-01 18:08:37,403 - head vector calculation finished, calculating joint angles
pib_gestures.core - INFO - 2026-07-01 18:08:37,403 - Confirmed head angles are within limits, adjusting joint rotation directions
pib_gestures.core - INFO - 2026-07-01 18:08:37,403 - adjusting joint rotation directions complete, setting up pib
pib_gestures.core - INFO - 2026-07-01 18:08:37,403 - setting up pib complete, moving joints
pib_gestures.core - INFO - 2026-07-01 18:08:40,404 - finished


pib_gestures.core - INFO - 2026-07-01 18:08:40,404 - finished


pib_gestures.core - INFO - 2026-07-01 18:09:02,288 - started, calculating center vector
pib_gestures.core - INFO - 2026-07-01 18:09:02,289 - center vector calculation finished, calculating head vector
pib_gestures.core - INFO - 2026-07-01 18:09:02,289 - head vector calculation finished, calculating joint angles
pib_gestures.core - INFO - 2026-07-01 18:09:02,289 - Confirmed head angles are within limits, adjusting joint rotation directions
pib_gestures.core - INFO - 2026-07-01 18:09:02,289 - adjusting joint rotation directions complete, setting up pib
pib_gestures.core - INFO - 2026-07-01 18:09:02,289 - setting up pib complete, moving joints
pib_gestures.core - INFO - 2026-07-01 18:09:05,289 - finished


pib_gestures.core - INFO - 2026-07-01 18:09:05,296 - started, calculating center vector
pib_gestures.core - INFO - 2026-07-01 18:09:05,296 - center vector calculation finished, running gesture choosing logic
pib_gestures.core - INFO - 2026-07-01 18:09:05,296 - gesture set, calculating arm vector
pib_gestures.core - INFO - 2026-07-01 18:09:05,297 - arm vector calculation finished, calculating joint angles
pib_gestures.core - INFO - 2026-07-01 18:09:05,297 - joint angle calculation finished, checking joint angle and distance limits
pib_gestures.core - INFO - 2026-07-01 18:09:05,297 - confirmed arm angles are within limits, adjusting joint rotation directions
pib_gestures.core - INFO - 2026-07-01 18:09:05,297 - adjusting joint rotation directions complete, moving joints
pib_gestures.core - INFO - 2026-07-01 18:09:05,297 - started, calculating center vector
pib_gestures.core - INFO - 2026-07-01 18:09:05,298 - center vector calculation finished, calculating head vector
pib_gestures.core - INFO - 2026-07-01 18:09:05,298 - head vector calculation finished, calculating joint angles
pib_gestures.core - INFO - 2026-07-01 18:09:05,298 - Confirmed head angles are within limits, adjusting joint rotation directions
pib_gestures.core - INFO - 2026-07-01 18:09:05,298 - adjusting joint rotation directions complete, setting up pib
pib_gestures.core - INFO - 2026-07-01 18:09:05,298 - setting up pib complete, moving joints
pib_gestures.core - INFO - 2026-07-01 18:09:08,299 - finished


pib_gestures.core - INFO - 2026-07-01 18:09:08,299 - publishing joint angles
pib_gestures.core - INFO - 2026-07-01 18:09:11,299 - gesture executed
pib_gestures.core - INFO - 2026-07-01 18:09:11,299 - started, calculating center vector
pib_gestures.core - INFO - 2026-07-01 18:09:11,300 - center vector calculation finished, calculating head vector
pib_gestures.core - INFO - 2026-07-01 18:09:11,300 - head vector calculation finished, calculating joint angles
pib_gestures.core - INFO - 2026-07-01 18:09:11,300 - Confirmed head angles are within limits, adjusting joint rotation directions
pib_gestures.core - INFO - 2026-07-01 18:09:11,300 - adjusting joint rotation directions complete, setting up pib
pib_gestures.core - INFO - 2026-07-01 18:09:11,300 - setting up pib complete, moving joints
pib_gestures.core - INFO - 2026-07-01 18:09:14,300 - finished


pib_gestures.core - INFO - 2026-07-01 18:09:14,301 - finished


pib_gestures.core - INFO - 2026-07-01 18:10:10,158 - started, calculating center vector
pib_gestures.core - INFO - 2026-07-01 18:10:10,159 - center vector calculation finished, calculating head vector
pib_gestures.core - INFO - 2026-07-01 18:10:10,159 - head vector calculation finished, calculating joint angles
pib_gestures.core - INFO - 2026-07-01 18:10:10,159 - Confirmed head angles are within limits, adjusting joint rotation directions
pib_gestures.core - INFO - 2026-07-01 18:10:10,159 - adjusting joint rotation directions complete, setting up pib
pib_gestures.core - INFO - 2026-07-01 18:10:10,159 - setting up pib complete, moving joints
pib_gestures.core - INFO - 2026-07-01 18:10:13,159 - finished


pib_gestures.core - INFO - 2026-07-01 18:10:13,170 - started, calculating center vector
pib_gestures.core - INFO - 2026-07-01 18:10:13,171 - center vector calculation finished, running gesture choosing logic
pib_gestures.core - INFO - 2026-07-01 18:10:13,171 - gesture set, calculating arm vector
pib_gestures.core - INFO - 2026-07-01 18:10:13,172 - arm vector calculation finished, calculating joint angles
pib_gestures.core - INFO - 2026-07-01 18:10:13,172 - joint angle calculation finished, checking joint angle and distance limits
pib_gestures.core - INFO - 2026-07-01 18:10:13,172 - confirmed arm angles are within limits, adjusting joint rotation directions
pib_gestures.core - INFO - 2026-07-01 18:10:13,173 - adjusting joint rotation directions complete, moving joints
pib_gestures.core - INFO - 2026-07-01 18:10:13,173 - started, calculating center vector
pib_gestures.core - INFO - 2026-07-01 18:10:13,173 - center vector calculation finished, calculating head vector
pib_gestures.core - INFO - 2026-07-01 18:10:13,173 - head vector calculation finished, calculating joint angles
pib_gestures.core - INFO - 2026-07-01 18:10:13,173 - Confirmed head angles are within limits, adjusting joint rotation directions
pib_gestures.core - INFO - 2026-07-01 18:10:13,174 - adjusting joint rotation directions complete, setting up pib
pib_gestures.core - INFO - 2026-07-01 18:10:13,174 - setting up pib complete, moving joints
pib_gestures.core - INFO - 2026-07-01 18:10:16,174 - finished


pib_gestures.core - INFO - 2026-07-01 18:10:16,174 - publishing joint angles
pib_gestures.core - INFO - 2026-07-01 18:10:18,174 - started, calculating center vector
pib_gestures.core - INFO - 2026-07-01 18:10:18,174 - center vector calculation finished, calculating head vector
pib_gestures.core - INFO - 2026-07-01 18:10:18,174 - head vector calculation finished, calculating joint angles
pib_gestures.core - INFO - 2026-07-01 18:10:18,175 - Confirmed head angles are within limits, adjusting joint rotation directions
pib_gestures.core - INFO - 2026-07-01 18:10:18,175 - adjusting joint rotation directions complete, setting up pib
pib_gestures.core - INFO - 2026-07-01 18:10:18,175 - setting up pib complete, moving joints
pib_gestures.core - INFO - 2026-07-01 18:10:21,175 - finished


pib_gestures.core - INFO - 2026-07-01 18:10:21,175 - finished


pib_gestures.core - INFO - 2026-07-01 18:11:07,421 - started, calculating center vector
pib_gestures.core - INFO - 2026-07-01 18:11:07,422 - center vector calculation finished, calculating head vector
pib_gestures.core - INFO - 2026-07-01 18:11:07,422 - head vector calculation finished, calculating joint angles
pib_gestures.core - INFO - 2026-07-01 18:11:07,423 - Confirmed head angles are within limits, adjusting joint rotation directions
pib_gestures.core - INFO - 2026-07-01 18:11:07,423 - adjusting joint rotation directions complete, setting up pib
pib_gestures.core - INFO - 2026-07-01 18:11:07,423 - setting up pib complete, moving joints
pib_gestures.core - INFO - 2026-07-01 18:11:10,423 - finished


pib_gestures.core - INFO - 2026-07-01 18:11:10,431 - started, calculating center vector
pib_gestures.core - INFO - 2026-07-01 18:11:10,432 - center vector calculation finished, running gesture choosing logic
pib_gestures.core - INFO - 2026-07-01 18:11:10,432 - gesture set, calculating arm vector
pib_gestures.core - INFO - 2026-07-01 18:11:10,433 - arm vector calculation finished, calculating joint angles
pib_gestures.core - INFO - 2026-07-01 18:11:10,433 - joint angle calculation finished, checking joint angle and distance limits
pib_gestures.core - INFO - 2026-07-01 18:11:10,433 - confirmed arm angles are within limits, adjusting joint rotation directions
pib_gestures.core - INFO - 2026-07-01 18:11:10,433 - adjusting joint rotation directions complete, moving joints
pib_gestures.core - INFO - 2026-07-01 18:11:10,433 - started, calculating center vector
pib_gestures.core - INFO - 2026-07-01 18:11:10,434 - center vector calculation finished, calculating head vector
pib_gestures.core - INFO - 2026-07-01 18:11:10,434 - head vector calculation finished, calculating joint angles
pib_gestures.core - INFO - 2026-07-01 18:11:10,434 - Confirmed head angles are within limits, adjusting joint rotation directions
pib_gestures.core - INFO - 2026-07-01 18:11:10,435 - adjusting joint rotation directions complete, setting up pib
pib_gestures.core - INFO - 2026-07-01 18:11:10,435 - setting up pib complete, moving joints
pib_gestures.core - INFO - 2026-07-01 18:11:13,435 - finished


pib_gestures.core - INFO - 2026-07-01 18:11:13,435 - publishing joint angles
pib_gestures.core - INFO - 2026-07-01 18:11:16,436 - gesture executed
pib_gestures.core - INFO - 2026-07-01 18:11:16,436 - started, calculating center vector
pib_gestures.core - INFO - 2026-07-01 18:11:16,436 - center vector calculation finished, calculating head vector
pib_gestures.core - INFO - 2026-07-01 18:11:16,436 - head vector calculation finished, calculating joint angles
pib_gestures.core - INFO - 2026-07-01 18:11:16,437 - Confirmed head angles are within limits, adjusting joint rotation directions
pib_gestures.core - INFO - 2026-07-01 18:11:16,437 - adjusting joint rotation directions complete, setting up pib
pib_gestures.core - INFO - 2026-07-01 18:11:16,437 - setting up pib complete, moving joints
pib_gestures.core - INFO - 2026-07-01 18:11:19,437 - finished


pib_gestures.core - INFO - 2026-07-01 18:11:19,437 - finished


pib_gestures.core - INFO - 2026-07-01 18:50:57,461 - started, calculating center vector
pib_gestures.core - INFO - 2026-07-01 18:50:57,462 - center vector calculation finished, calculating head vector
pib_gestures.core - INFO - 2026-07-01 18:50:57,463 - head vector calculation finished, calculating joint angles
pib_gestures.core - INFO - 2026-07-01 18:50:57,464 - Confirmed head angles are within limits, adjusting joint rotation directions
pib_gestures.core - INFO - 2026-07-01 18:50:57,464 - adjusting joint rotation directions complete, setting up pib
pib_gestures.core - INFO - 2026-07-01 18:50:57,464 - setting up pib complete, moving joints
pib_gestures.core - INFO - 2026-07-01 18:51:00,465 - finished


pib_gestures.core - INFO - 2026-07-01 18:51:00,475 - started, calculating center vector
pib_gestures.core - INFO - 2026-07-01 18:51:00,477 - center vector calculation finished, running gesture choosing logic
pib_gestures.core - INFO - 2026-07-01 18:51:00,477 - gesture set, calculating arm vector
pib_gestures.core - INFO - 2026-07-01 18:51:00,479 - arm vector calculation finished, calculating joint angles
pib_gestures.core - INFO - 2026-07-01 18:51:00,479 - joint angle calculation finished, checking joint angle and distance limits
pib_gestures.core - INFO - 2026-07-01 18:51:00,480 - confirmed arm angles are within limits, adjusting joint rotation directions
pib_gestures.core - INFO - 2026-07-01 18:51:00,480 - adjusting joint rotation directions complete, moving joints
pib_gestures.core - INFO - 2026-07-01 18:51:00,481 - started, calculating center vector
pib_gestures.core - INFO - 2026-07-01 18:51:00,482 - center vector calculation finished, calculating head vector
pib_gestures.core - INFO - 2026-07-01 18:51:00,483 - head vector calculation finished, calculating joint angles
pib_gestures.core - INFO - 2026-07-01 18:51:00,483 - Confirmed head angles are within limits, adjusting joint rotation directions
pib_gestures.core - INFO - 2026-07-01 18:51:00,484 - adjusting joint rotation directions complete, setting up pib
pib_gestures.core - INFO - 2026-07-01 18:51:00,484 - setting up pib complete, moving joints
pib_gestures.core - INFO - 2026-07-01 18:51:03,484 - finished


pib_gestures.core - INFO - 2026-07-01 18:51:03,484 - publishing joint angles
pib_gestures.core - INFO - 2026-07-01 18:51:05,484 - started, calculating center vector
pib_gestures.core - INFO - 2026-07-01 18:51:05,486 - center vector calculation finished, calculating head vector
pib_gestures.core - INFO - 2026-07-01 18:51:05,487 - head vector calculation finished, calculating joint angles
pib_gestures.core - INFO - 2026-07-01 18:51:05,487 - Confirmed head angles are within limits, adjusting joint rotation directions
pib_gestures.core - INFO - 2026-07-01 18:51:05,488 - adjusting joint rotation directions complete, setting up pib
pib_gestures.core - INFO - 2026-07-01 18:51:05,488 - setting up pib complete, moving joints
pib_gestures.core - INFO - 2026-07-01 18:51:08,488 - finished


pib_gestures.core - INFO - 2026-07-01 18:51:08,488 - finished


pib_gestures.core - INFO - 2026-07-01 18:53:32,664 - started, calculating center vector
pib_gestures.core - INFO - 2026-07-01 18:53:32,666 - center vector calculation finished, calculating head vector
pib_gestures.core - INFO - 2026-07-01 18:53:32,666 - head vector calculation finished, calculating joint angles
pib_gestures.core - INFO - 2026-07-01 18:53:32,667 - Confirmed head angles are within limits, adjusting joint rotation directions
pib_gestures.core - INFO - 2026-07-01 18:53:32,667 - adjusting joint rotation directions complete, setting up pib
pib_gestures.core - INFO - 2026-07-01 18:53:32,667 - setting up pib complete, moving joints
pib_gestures.core - INFO - 2026-07-01 18:53:35,667 - finished


pib_gestures.core - INFO - 2026-07-01 18:53:35,677 - started, calculating center vector
pib_gestures.core - INFO - 2026-07-01 18:53:35,678 - center vector calculation finished, running gesture choosing logic
pib_gestures.core - INFO - 2026-07-01 18:53:35,678 - gesture set, calculating arm vector
pib_gestures.core - INFO - 2026-07-01 18:53:35,679 - arm vector calculation finished, calculating joint angles
pib_gestures.core - INFO - 2026-07-01 18:53:35,679 - joint angle calculation finished, checking joint angle and distance limits
pib_gestures.core - INFO - 2026-07-01 18:53:35,680 - confirmed arm angles are within limits, adjusting joint rotation directions
pib_gestures.core - INFO - 2026-07-01 18:53:35,680 - adjusting joint rotation directions complete, moving joints
pib_gestures.core - INFO - 2026-07-01 18:53:35,680 - started, calculating center vector
pib_gestures.core - INFO - 2026-07-01 18:53:35,681 - center vector calculation finished, calculating head vector
pib_gestures.core - INFO - 2026-07-01 18:53:35,681 - head vector calculation finished, calculating joint angles
pib_gestures.core - INFO - 2026-07-01 18:53:35,681 - Confirmed head angles are within limits, adjusting joint rotation directions
pib_gestures.core - INFO - 2026-07-01 18:53:35,681 - adjusting joint rotation directions complete, setting up pib
pib_gestures.core - INFO - 2026-07-01 18:53:35,681 - setting up pib complete, moving joints
pib_gestures.core - INFO - 2026-07-01 18:53:38,682 - finished


pib_gestures.core - INFO - 2026-07-01 18:53:38,682 - publishing joint angles
pib_gestures.core - INFO - 2026-07-01 18:53:40,682 - started, calculating center vector
pib_gestures.core - INFO - 2026-07-01 18:53:40,683 - center vector calculation finished, calculating head vector
pib_gestures.core - INFO - 2026-07-01 18:53:40,683 - head vector calculation finished, calculating joint angles
pib_gestures.core - INFO - 2026-07-01 18:53:40,684 - Confirmed head angles are within limits, adjusting joint rotation directions
pib_gestures.core - INFO - 2026-07-01 18:53:40,684 - adjusting joint rotation directions complete, setting up pib
pib_gestures.core - INFO - 2026-07-01 18:53:40,684 - setting up pib complete, moving joints
pib_gestures.core - INFO - 2026-07-01 18:53:43,684 - finished


pib_gestures.core - INFO - 2026-07-01 18:53:43,684 - finished


pib_gestures.core - INFO - 2026-07-01 18:53:52,536 - started, calculating center vector
pib_gestures.core - INFO - 2026-07-01 18:53:52,537 - center vector calculation finished, calculating head vector
pib_gestures.core - INFO - 2026-07-01 18:53:52,538 - head vector calculation finished, calculating joint angles
pib_gestures.core - INFO - 2026-07-01 18:53:52,539 - Confirmed head angles are within limits, adjusting joint rotation directions
pib_gestures.core - INFO - 2026-07-01 18:53:52,539 - adjusting joint rotation directions complete, setting up pib
pib_gestures.core - INFO - 2026-07-01 18:53:52,539 - setting up pib complete, moving joints
pib_gestures.core - INFO - 2026-07-01 18:53:55,540 - finished


pib_gestures.core - INFO - 2026-07-01 18:53:55,551 - started, calculating center vector
pib_gestures.core - INFO - 2026-07-01 18:53:55,552 - center vector calculation finished, running gesture choosing logic
pib_gestures.core - INFO - 2026-07-01 18:53:55,552 - gesture set, calculating arm vector
pib_gestures.core - INFO - 2026-07-01 18:53:55,554 - arm vector calculation finished, calculating joint angles
pib_gestures.core - INFO - 2026-07-01 18:53:55,554 - joint angle calculation finished, checking joint angle and distance limits
pib_gestures.core - INFO - 2026-07-01 18:53:55,555 - confirmed arm angles are within limits, adjusting joint rotation directions
pib_gestures.core - INFO - 2026-07-01 18:53:55,555 - adjusting joint rotation directions complete, moving joints
pib_gestures.core - INFO - 2026-07-01 18:53:55,555 - started, calculating center vector
pib_gestures.core - INFO - 2026-07-01 18:53:55,556 - center vector calculation finished, calculating head vector
pib_gestures.core - INFO - 2026-07-01 18:53:55,557 - head vector calculation finished, calculating joint angles
pib_gestures.core - INFO - 2026-07-01 18:53:55,558 - Confirmed head angles are within limits, adjusting joint rotation directions
pib_gestures.core - INFO - 2026-07-01 18:53:55,558 - adjusting joint rotation directions complete, setting up pib
pib_gestures.core - INFO - 2026-07-01 18:53:55,558 - setting up pib complete, moving joints
pib_gestures.core - INFO - 2026-07-01 18:53:58,558 - finished


pib_gestures.core - INFO - 2026-07-01 18:53:58,558 - publishing joint angles
pib_gestures.core - INFO - 2026-07-01 18:54:01,559 - gesture executed
pib_gestures.core - INFO - 2026-07-01 18:54:01,559 - started, calculating center vector
pib_gestures.core - INFO - 2026-07-01 18:54:01,560 - center vector calculation finished, calculating head vector
pib_gestures.core - INFO - 2026-07-01 18:54:01,561 - head vector calculation finished, calculating joint angles
pib_gestures.core - INFO - 2026-07-01 18:54:01,562 - Confirmed head angles are within limits, adjusting joint rotation directions
pib_gestures.core - INFO - 2026-07-01 18:54:01,562 - adjusting joint rotation directions complete, setting up pib
pib_gestures.core - INFO - 2026-07-01 18:54:01,562 - setting up pib complete, moving joints
pib_gestures.core - INFO - 2026-07-01 18:54:04,562 - finished


pib_gestures.core - INFO - 2026-07-01 18:54:04,562 - finished


pib_gestures.core - INFO - 2026-09-20 12:58:56,898 - started, calculating center vector
pib_gestures.core - INFO - 2026-09-20 12:58:56,898 - center vector calculation finished, calculating head vector
pib_gestures.core - INFO - 2026-09-20 12:58:56,899 - head vector calculation finished, calculating joint angles
pib_gestures.core - INFO - 2026-09-20 12:58:56,899 - Confirmed head angles are within limits, adjusting joint rotation directions
pib_gestures.core - INFO - 2026-09-20 12:58:56,899 - adjusting joint rotation directions complete, setting up pib
pib_gestures.core - INFO - 2026-09-20 12:58:56,899 - setting up pib complete, moving joints
pib_gestures.core - INFO - 2026-09-20 12:58:59,899 - finished


pib_gestures.core - INFO - 2026-09-20 12:58:59,988 - started, calculating center vector
pib_gestures.core - INFO - 2026-09-20 12:58:59,989 - center vector calculation finished, running gesture choosing logic
pib_gestures.core - INFO - 2026-09-20 12:58:59,989 - gesture set, calculating arm vector
pib_gestures.core - INFO - 2026-09-20 12:58:59,989 - arm vector calculation finished, calculating joint angles
pib_gestures.core - INFO - 2026-09-20 12:58:59,989 - joint angle calculation finished, checking joint angle and distance limits
pib_gestures.core - INFO - 2026-09-20 12:58:59,990 - confirmed arm angles are within limits, adjusting joint rotation directions
pib_gestures.core - INFO - 2026-09-20 12:58:59,990 - adjusting joint rotation directions complete, moving joints
pib_gestures.core - INFO - 2026-09-20 12:58:59,990 - started, calculating center vector
pib_gestures.core - INFO - 2026-09-20 12:58:59,990 - center vector calculation finished, calculating head vector
pib_gestures.core - INFO - 2026-09-20 12:58:59,990 - head vector calculation finished, calculating joint angles
pib_gestures.core - INFO - 2026-09-20 12:58:59,990 - Confirmed head angles are within limits, adjusting joint rotation directions
pib_gestures.core - INFO - 2026-09-20 12:58:59,991 - adjusting joint rotation directions complete, setting up pib
pib_gestures.core - INFO - 2026-09-20 12:58:59,991 - setting up pib complete, moving joints
pib_gestures.core - INFO - 2026-09-20 12:59:02,991 - finished


pib_gestures.core - INFO - 2026-09-20 12:59:02,991 - publishing joint angles
pib_gestures.core - INFO - 2026-09-20 12:59:04,991 - started, calculating center vector
pib_gestures.core - INFO - 2026-09-20 12:59:04,991 - center vector calculation finished, calculating head vector
pib_gestures.core - INFO - 2026-09-20 12:59:04,991 - head vector calculation finished, calculating joint angles
pib_gestures.core - INFO - 2026-09-20 12:59:04,992 - Confirmed head angles are within limits, adjusting joint rotation directions
pib_gestures.core - INFO - 2026-09-20 12:59:04,992 - adjusting joint rotation directions complete, setting up pib
pib_gestures.core - INFO - 2026-09-20 12:59:04,992 - setting up pib complete, moving joints
pib_gestures.core - INFO - 2026-09-20 12:59:07,992 - finished


pib_gestures.core - INFO - 2026-09-20 12:59:07,992 - finished


pib_gestures.core - INFO - 2026-09-20 13:00:18,757 - started, calculating center vector
pib_gestures.core - INFO - 2026-09-20 13:00:18,757 - center vector calculation finished, calculating head vector
pib_gestures.core - INFO - 2026-09-20 13:00:18,757 - head vector calculation finished, calculating joint angles
pib_gestures.core - INFO - 2026-09-20 13:00:18,758 - Confirmed head angles are within limits, adjusting joint rotation directions
pib_gestures.core - INFO - 2026-09-20 13:00:18,758 - adjusting joint rotation directions complete, setting up pib
pib_gestures.core - INFO - 2026-09-20 13:00:18,758 - setting up pib complete, moving joints
pib_gestures.core - INFO - 2026-09-20 13:00:21,758 - finished


pib_gestures.core - INFO - 2026-09-20 13:00:21,768 - started, calculating center vector
pib_gestures.core - INFO - 2026-09-20 13:00:21,768 - center vector calculation finished, running gesture choosing logic
pib_gestures.core - INFO - 2026-09-20 13:00:21,768 - gesture set, calculating arm vector
pib_gestures.core - INFO - 2026-09-20 13:00:21,769 - arm vector calculation finished, calculating joint angles
pib_gestures.core - INFO - 2026-09-20 13:00:21,769 - joint angle calculation finished, checking joint angle and distance limits
pib_gestures.core - INFO - 2026-09-20 13:00:21,769 - confirmed arm angles are within limits, adjusting joint rotation directions
pib_gestures.core - INFO - 2026-09-20 13:00:21,769 - adjusting joint rotation directions complete, moving joints
pib_gestures.core - INFO - 2026-09-20 13:00:21,769 - started, calculating center vector
pib_gestures.core - INFO - 2026-09-20 13:00:21,769 - center vector calculation finished, calculating head vector
pib_gestures.core - INFO - 2026-09-20 13:00:21,769 - head vector calculation finished, calculating joint angles
pib_gestures.core - INFO - 2026-09-20 13:00:21,770 - Confirmed head angles are within limits, adjusting joint rotation directions
pib_gestures.core - INFO - 2026-09-20 13:00:21,770 - adjusting joint rotation directions complete, setting up pib
pib_gestures.core - INFO - 2026-09-20 13:00:21,770 - setting up pib complete, moving joints
pib_gestures.core - INFO - 2026-09-20 13:00:24,770 - finished


pib_gestures.core - INFO - 2026-09-20 13:00:24,770 - publishing joint angles
pib_gestures.core - INFO - 2026-09-20 13:00:27,770 - gesture executed
pib_gestures.core - INFO - 2026-09-20 13:00:27,770 - started, calculating center vector
pib_gestures.core - INFO - 2026-09-20 13:00:27,771 - center vector calculation finished, calculating head vector
pib_gestures.core - INFO - 2026-09-20 13:00:27,771 - head vector calculation finished, calculating joint angles
pib_gestures.core - INFO - 2026-09-20 13:00:27,771 - Confirmed head angles are within limits, adjusting joint rotation directions
pib_gestures.core - INFO - 2026-09-20 13:00:27,771 - adjusting joint rotation directions complete, setting up pib
pib_gestures.core - INFO - 2026-09-20 13:00:27,771 - setting up pib complete, moving joints
pib_gestures.core - INFO - 2026-09-20 13:00:30,771 - finished


pib_gestures.core - INFO - 2026-09-20 13:00:30,771 - finished


pib_gestures.core - INFO - 2026-09-20 16:40:00,544 - started, calculating center vector
pib_gestures.core - INFO - 2026-09-20 16:40:00,545 - center vector calculation finished, calculating head vector
pib_gestures.core - INFO - 2026-09-20 16:40:00,545 - head vector calculation finished, calculating joint angles
pib_gestures.core - INFO - 2026-09-20 16:40:00,545 - Confirmed head angles are within limits, adjusting joint rotation directions
pib_gestures.core - INFO - 2026-09-20 16:40:00,545 - adjusting joint rotation directions complete, setting up pib
pib_gestures.core - INFO - 2026-09-20 16:40:00,545 - setting up pib complete, moving joints
pib_gestures.core - INFO - 2026-09-20 16:40:03,546 - finished


pib_gestures.core - INFO - 2026-09-20 16:40:03,635 - started, calculating center vector
pib_gestures.core - INFO - 2026-09-20 16:40:03,636 - center vector calculation finished, running gesture choosing logic
pib_gestures.core - INFO - 2026-09-20 16:40:03,636 - gesture set, calculating arm vector
pib_gestures.core - INFO - 2026-09-20 16:40:03,636 - arm vector calculation finished, calculating joint angles
pib_gestures.core - INFO - 2026-09-20 16:40:03,637 - joint angle calculation finished, checking joint angle and distance limits
pib_gestures.core - INFO - 2026-09-20 16:40:03,637 - confirmed arm angles are within limits, adjusting joint rotation directions
pib_gestures.core - INFO - 2026-09-20 16:40:03,637 - adjusting joint rotation directions complete, moving joints
pib_gestures.core - INFO - 2026-09-20 16:40:03,637 - started, calculating center vector
pib_gestures.core - INFO - 2026-09-20 16:40:03,637 - center vector calculation finished, calculating head vector
pib_gestures.core - INFO - 2026-09-20 16:40:03,637 - head vector calculation finished, calculating joint angles
pib_gestures.core - INFO - 2026-09-20 16:40:03,637 - Confirmed head angles are within limits, adjusting joint rotation directions
pib_gestures.core - INFO - 2026-09-20 16:40:03,637 - adjusting joint rotation directions complete, setting up pib
pib_gestures.core - INFO - 2026-09-20 16:40:03,637 - setting up pib complete, moving joints
pib_gestures.core - INFO - 2026-09-20 16:40:06,638 - finished


pib_gestures.core - INFO - 2026-09-20 16:40:06,638 - publishing joint angles
pib_gestures.core - INFO - 2026-09-20 16:40:08,638 - started, calculating center vector
pib_gestures.core - INFO - 2026-09-20 16:40:08,639 - center vector calculation finished, calculating head vector
pib_gestures.core - INFO - 2026-09-20 16:40:08,639 - head vector calculation finished, calculating joint angles
pib_gestures.core - INFO - 2026-09-20 16:40:08,639 - Confirmed head angles are within limits, adjusting joint rotation directions
pib_gestures.core - INFO - 2026-09-20 16:40:08,639 - adjusting joint rotation directions complete, setting up pib
pib_gestures.core - INFO - 2026-09-20 16:40:08,640 - setting up pib complete, moving joints
pib_gestures.core - INFO - 2026-09-20 16:40:11,640 - finished


pib_gestures.core - INFO - 2026-09-20 16:40:11,640 - finished


pib_gestures.core - INFO - 2026-09-20 16:41:25,320 - started, calculating center vector
pib_gestures.core - INFO - 2026-09-20 16:41:25,320 - center vector calculation finished, calculating head vector
pib_gestures.core - INFO - 2026-09-20 16:41:25,320 - head vector calculation finished, calculating joint angles
pib_gestures.core - INFO - 2026-09-20 16:41:25,320 - Confirmed head angles are within limits, adjusting joint rotation directions
pib_gestures.core - INFO - 2026-09-20 16:41:25,320 - adjusting joint rotation directions complete, setting up pib
pib_gestures.core - INFO - 2026-09-20 16:41:25,320 - setting up pib complete, moving joints
pib_gestures.core - INFO - 2026-09-20 16:41:28,320 - finished


pib_gestures.core - INFO - 2026-09-20 16:41:28,328 - started, calculating center vector
pib_gestures.core - INFO - 2026-09-20 16:41:28,328 - center vector calculation finished, running gesture choosing logic
pib_gestures.core - INFO - 2026-09-20 16:41:28,328 - gesture set, calculating arm vector
pib_gestures.core - INFO - 2026-09-20 16:41:28,329 - arm vector calculation finished, calculating joint angles
pib_gestures.core - INFO - 2026-09-20 16:41:28,329 - joint angle calculation finished, checking joint angle and distance limits
pib_gestures.core - INFO - 2026-09-20 16:41:28,329 - confirmed arm angles are within limits, adjusting joint rotation directions
pib_gestures.core - INFO - 2026-09-20 16:41:28,329 - adjusting joint rotation directions complete, moving joints
pib_gestures.core - INFO - 2026-09-20 16:41:28,329 - started, calculating center vector
pib_gestures.core - INFO - 2026-09-20 16:41:28,329 - center vector calculation finished, calculating head vector
pib_gestures.core - INFO - 2026-09-20 16:41:28,330 - head vector calculation finished, calculating joint angles
pib_gestures.core - INFO - 2026-09-20 16:41:28,330 - Confirmed head angles are within limits, adjusting joint rotation directions
pib_gestures.core - INFO - 2026-09-20 16:41:28,330 - adjusting joint rotation directions complete, setting up pib
pib_gestures.core - INFO - 2026-09-20 16:41:28,330 - setting up pib complete, moving joints
pib_gestures.core - INFO - 2026-09-20 16:41:31,330 - finished


pib_gestures.core - INFO - 2026-09-20 16:41:31,330 - publishing joint angles
pib_gestures.core - INFO - 2026-09-20 16:41:34,330 - gesture executed
pib_gestures.core - INFO - 2026-09-20 16:41:34,330 - started, calculating center vector
pib_gestures.core - INFO - 2026-09-20 16:41:34,331 - center vector calculation finished, calculating head vector
pib_gestures.core - INFO - 2026-09-20 16:41:34,331 - head vector calculation finished, calculating joint angles
pib_gestures.core - INFO - 2026-09-20 16:41:34,331 - Confirmed head angles are within limits, adjusting joint rotation directions
pib_gestures.core - INFO - 2026-09-20 16:41:34,331 - adjusting joint rotation directions complete, setting up pib
pib_gestures.core - INFO - 2026-09-20 16:41:34,331 - setting up pib complete, moving joints
pib_gestures.core - INFO - 2026-09-20 16:41:37,331 - finished


pib_gestures.core - INFO - 2026-09-20 16:41:37,331 - finished


pib_gestures.core - INFO - 2026-09-20 16:50:12,287 - started, calculating center vector
pib_gestures.core - INFO - 2026-09-20 16:50:12,287 - center vector calculation finished, calculating head vector
pib_gestures.core - INFO - 2026-09-20 16:50:12,287 - head vector calculation finished, calculating joint angles
pib_gestures.core - INFO - 2026-09-20 16:50:12,287 - Confirmed head angles are within limits, adjusting joint rotation directions
pib_gestures.core - INFO - 2026-09-20 16:50:12,287 - adjusting joint rotation directions complete, setting up pib
pib_gestures.core - INFO - 2026-09-20 16:50:12,287 - setting up pib complete, moving joints
pib_gestures.core - INFO - 2026-09-20 16:50:15,287 - finished


pib_gestures.core - INFO - 2026-09-20 16:50:15,297 - started, calculating center vector
pib_gestures.core - INFO - 2026-09-20 16:50:15,297 - center vector calculation finished, running gesture choosing logic
pib_gestures.core - INFO - 2026-09-20 16:50:15,297 - gesture set, calculating arm vector
pib_gestures.core - INFO - 2026-09-20 16:50:15,298 - arm vector calculation finished, calculating joint angles
pib_gestures.core - INFO - 2026-09-20 16:50:15,298 - joint angle calculation finished, checking joint angle and distance limits
pib_gestures.core - INFO - 2026-09-20 16:50:15,298 - confirmed arm angles are within limits, adjusting joint rotation directions
pib_gestures.core - INFO - 2026-09-20 16:50:15,298 - adjusting joint rotation directions complete, moving joints
pib_gestures.core - INFO - 2026-09-20 16:50:15,298 - started, calculating center vector
pib_gestures.core - INFO - 2026-09-20 16:50:15,298 - center vector calculation finished, calculating head vector
pib_gestures.core - INFO - 2026-09-20 16:50:15,298 - head vector calculation finished, calculating joint angles
pib_gestures.core - INFO - 2026-09-20 16:50:15,298 - Confirmed head angles are within limits, adjusting joint rotation directions
pib_gestures.core - INFO - 2026-09-20 16:50:15,298 - adjusting joint rotation directions complete, setting up pib
pib_gestures.core - INFO - 2026-09-20 16:50:15,298 - setting up pib complete, moving joints
pib_gestures.core - INFO - 2026-09-20 16:50:18,298 - finished


pib_gestures.core - INFO - 2026-09-20 16:50:18,299 - publishing joint angles
pib_gestures.core - INFO - 2026-09-20 16:50:20,299 - started, calculating center vector
pib_gestures.core - INFO - 2026-09-20 16:50:20,299 - center vector calculation finished, calculating head vector
pib_gestures.core - INFO - 2026-09-20 16:50:20,299 - head vector calculation finished, calculating joint angles
pib_gestures.core - INFO - 2026-09-20 16:50:20,300 - Confirmed head angles are within limits, adjusting joint rotation directions
pib_gestures.core - INFO - 2026-09-20 16:50:20,300 - adjusting joint rotation directions complete, setting up pib
pib_gestures.core - INFO - 2026-09-20 16:50:20,300 - setting up pib complete, moving joints
pib_gestures.core - INFO - 2026-09-20 16:50:23,300 - finished


pib_gestures.core - INFO - 2026-09-20 16:50:23,300 - finished


pib_gestures.core - INFO - 2026-09-20 16:53:18,192 - started, calculating center vector
pib_gestures.core - INFO - 2026-09-20 16:53:18,193 - center vector calculation finished, calculating head vector
pib_gestures.core - INFO - 2026-09-20 16:53:18,193 - head vector calculation finished, calculating joint angles
pib_gestures.core - INFO - 2026-09-20 16:53:18,193 - Confirmed head angles are within limits, adjusting joint rotation directions
pib_gestures.core - INFO - 2026-09-20 16:53:18,193 - adjusting joint rotation directions complete, setting up pib
pib_gestures.core - INFO - 2026-09-20 16:53:18,193 - setting up pib complete, moving joints
pib_gestures.core - INFO - 2026-09-20 16:53:21,193 - finished


pib_gestures.core - INFO - 2026-09-20 16:53:21,279 - started, calculating center vector
pib_gestures.core - INFO - 2026-09-20 16:53:21,279 - center vector calculation finished, running gesture choosing logic
pib_gestures.core - INFO - 2026-09-20 16:53:21,279 - gesture set, calculating arm vector
pib_gestures.core - INFO - 2026-09-20 16:53:21,280 - arm vector calculation finished, calculating joint angles
pib_gestures.core - INFO - 2026-09-20 16:53:21,280 - joint angle calculation finished, checking joint angle and distance limits
pib_gestures.core - INFO - 2026-09-20 16:53:21,280 - confirmed arm angles are within limits, adjusting joint rotation directions
pib_gestures.core - INFO - 2026-09-20 16:53:21,280 - adjusting joint rotation directions complete, moving joints
pib_gestures.core - INFO - 2026-09-20 16:53:21,280 - started, calculating center vector
pib_gestures.core - INFO - 2026-09-20 16:53:21,280 - center vector calculation finished, calculating head vector
pib_gestures.core - INFO - 2026-09-20 16:53:21,281 - head vector calculation finished, calculating joint angles
pib_gestures.core - INFO - 2026-09-20 16:53:21,281 - Confirmed head angles are within limits, adjusting joint rotation directions
pib_gestures.core - INFO - 2026-09-20 16:53:21,281 - adjusting joint rotation directions complete, setting up pib
pib_gestures.core - INFO - 2026-09-20 16:53:21,281 - setting up pib complete, moving joints
pib_gestures.core - INFO - 2026-09-20 16:53:24,281 - finished


pib_gestures.core - INFO - 2026-09-20 16:53:24,281 - publishing joint angles
pib_gestures.core - INFO - 2026-09-20 16:53:26,281 - started, calculating center vector
pib_gestures.core - INFO - 2026-09-20 16:53:26,282 - center vector calculation finished, calculating head vector
pib_gestures.core - INFO - 2026-09-20 16:53:26,282 - head vector calculation finished, calculating joint angles
pib_gestures.core - INFO - 2026-09-20 16:53:26,282 - Confirmed head angles are within limits, adjusting joint rotation directions
pib_gestures.core - INFO - 2026-09-20 16:53:26,282 - adjusting joint rotation directions complete, setting up pib
pib_gestures.core - INFO - 2026-09-20 16:53:26,282 - setting up pib complete, moving joints
pib_gestures.core - INFO - 2026-09-20 16:53:29,282 - finished


pib_gestures.core - INFO - 2026-09-20 16:53:29,282 - finished


pib_gestures.core - INFO - 2026-09-20 16:58:42,548 - started, calculating center vector
pib_gestures.core - INFO - 2026-09-20 16:58:42,549 - center vector calculation finished, calculating head vector
pib_gestures.core - INFO - 2026-09-20 16:58:42,549 - head vector calculation finished, calculating joint angles
pib_gestures.core - INFO - 2026-09-20 16:58:42,549 - Confirmed head angles are within limits, adjusting joint rotation directions
pib_gestures.core - INFO - 2026-09-20 16:58:42,549 - adjusting joint rotation directions complete, setting up pib
pib_gestures.core - INFO - 2026-09-20 16:58:42,549 - setting up pib complete, moving joints
pib_gestures.core - INFO - 2026-09-20 16:58:45,550 - finished


pib_gestures.core - INFO - 2026-09-20 16:58:45,634 - started, calculating center vector
pib_gestures.core - INFO - 2026-09-20 16:58:45,635 - center vector calculation finished, running gesture choosing logic
pib_gestures.core - INFO - 2026-09-20 16:58:45,635 - gesture set, calculating arm vector
pib_gestures.core - INFO - 2026-09-20 16:58:45,635 - arm vector calculation finished, calculating joint angles
pib_gestures.core - INFO - 2026-09-20 16:58:45,635 - joint angle calculation finished, checking joint angle and distance limits
pib_gestures.core - INFO - 2026-09-20 16:58:45,635 - confirmed arm angles are within limits, adjusting joint rotation directions
pib_gestures.core - INFO - 2026-09-20 16:58:45,635 - adjusting joint rotation directions complete, moving joints
pib_gestures.core - INFO - 2026-09-20 16:58:45,635 - started, calculating center vector
pib_gestures.core - INFO - 2026-09-20 16:58:45,636 - center vector calculation finished, calculating head vector
pib_gestures.core - INFO - 2026-09-20 16:58:45,636 - head vector calculation finished, calculating joint angles
pib_gestures.core - INFO - 2026-09-20 16:58:45,636 - Confirmed head angles are within limits, adjusting joint rotation directions
pib_gestures.core - INFO - 2026-09-20 16:58:45,636 - adjusting joint rotation directions complete, setting up pib
pib_gestures.core - INFO - 2026-09-20 16:58:45,636 - setting up pib complete, moving joints
pib_gestures.core - INFO - 2026-09-20 16:58:48,636 - finished


pib_gestures.core - INFO - 2026-09-20 16:58:48,637 - publishing joint angles
pib_gestures.core - INFO - 2026-09-20 16:58:50,637 - started, calculating center vector
pib_gestures.core - INFO - 2026-09-20 16:58:50,639 - center vector calculation finished, calculating head vector
pib_gestures.core - INFO - 2026-09-20 16:58:50,639 - head vector calculation finished, calculating joint angles
pib_gestures.core - INFO - 2026-09-20 16:58:50,639 - Confirmed head angles are within limits, adjusting joint rotation directions
pib_gestures.core - INFO - 2026-09-20 16:58:50,640 - adjusting joint rotation directions complete, setting up pib
pib_gestures.core - INFO - 2026-09-20 16:58:50,640 - setting up pib complete, moving joints
pib_gestures.core - INFO - 2026-09-20 16:58:53,640 - finished


pib_gestures.core - INFO - 2026-09-20 16:58:53,640 - finished


pib_gestures.core - INFO - 2026-09-20 17:00:02,520 - started, calculating center vector
pib_gestures.core - INFO - 2026-09-20 17:00:02,521 - center vector calculation finished, calculating head vector
pib_gestures.core - INFO - 2026-09-20 17:00:02,521 - head vector calculation finished, calculating joint angles
pib_gestures.core - INFO - 2026-09-20 17:00:02,521 - Confirmed head angles are within limits, adjusting joint rotation directions
pib_gestures.core - INFO - 2026-09-20 17:00:02,522 - adjusting joint rotation directions complete, setting up pib
pib_gestures.core - INFO - 2026-09-20 17:00:02,522 - setting up pib complete, moving joints
pib_gestures.core - INFO - 2026-09-20 17:00:05,522 - finished


pib_gestures.core - INFO - 2026-09-20 17:00:05,535 - started, calculating center vector
pib_gestures.core - INFO - 2026-09-20 17:00:05,536 - center vector calculation finished, running gesture choosing logic
pib_gestures.core - INFO - 2026-09-20 17:00:05,536 - gesture set, calculating arm vector
pib_gestures.core - INFO - 2026-09-20 17:00:05,537 - arm vector calculation finished, calculating joint angles
pib_gestures.core - INFO - 2026-09-20 17:00:05,537 - joint angle calculation finished, checking joint angle and distance limits
pib_gestures.core - INFO - 2026-09-20 17:00:05,537 - confirmed arm angles are within limits, adjusting joint rotation directions
pib_gestures.core - INFO - 2026-09-20 17:00:05,537 - adjusting joint rotation directions complete, moving joints
pib_gestures.core - INFO - 2026-09-20 17:00:05,537 - started, calculating center vector
pib_gestures.core - INFO - 2026-09-20 17:00:05,538 - center vector calculation finished, calculating head vector
pib_gestures.core - INFO - 2026-09-20 17:00:05,538 - head vector calculation finished, calculating joint angles
pib_gestures.core - INFO - 2026-09-20 17:00:05,538 - Confirmed head angles are within limits, adjusting joint rotation directions
pib_gestures.core - INFO - 2026-09-20 17:00:05,538 - adjusting joint rotation directions complete, setting up pib
pib_gestures.core - INFO - 2026-09-20 17:00:05,538 - setting up pib complete, moving joints
pib_gestures.core - INFO - 2026-09-20 17:00:08,538 - finished


pib_gestures.core - INFO - 2026-09-20 17:00:08,538 - publishing joint angles
pib_gestures.core - INFO - 2026-09-20 17:00:11,539 - gesture executed
pib_gestures.core - INFO - 2026-09-20 17:00:11,539 - started, calculating center vector
pib_gestures.core - INFO - 2026-09-20 17:00:11,540 - center vector calculation finished, calculating head vector
pib_gestures.core - INFO - 2026-09-20 17:00:11,540 - head vector calculation finished, calculating joint angles
pib_gestures.core - INFO - 2026-09-20 17:00:11,540 - Confirmed head angles are within limits, adjusting joint rotation directions
pib_gestures.core - INFO - 2026-09-20 17:00:11,540 - adjusting joint rotation directions complete, setting up pib
pib_gestures.core - INFO - 2026-09-20 17:00:11,540 - setting up pib complete, moving joints
pib_gestures.core - INFO - 2026-09-20 17:00:14,540 - finished


pib_gestures.core - INFO - 2026-09-20 17:00:14,540 - finished


pib_gestures.core - INFO - 2026-09-20 17:52:05,909 - started, calculating center vector
pib_gestures.core - INFO - 2026-09-20 17:52:05,910 - center vector calculation finished, calculating head vector
pib_gestures.core - INFO - 2026-09-20 17:52:05,910 - head vector calculation finished, calculating joint angles
pib_gestures.core - INFO - 2026-09-20 17:52:05,910 - Confirmed head angles are within limits, adjusting joint rotation directions
pib_gestures.core - INFO - 2026-09-20 17:52:05,910 - adjusting joint rotation directions complete, setting up pib
pib_gestures.core - INFO - 2026-09-20 17:52:05,910 - setting up pib complete, moving joints
pib_gestures.core - INFO - 2026-09-20 17:52:08,910 - finished


pib_gestures.core - INFO - 2026-09-20 17:52:08,916 - started, calculating center vector
pib_gestures.core - INFO - 2026-09-20 17:52:08,917 - center vector calculation finished, running gesture choosing logic
pib_gestures.core - INFO - 2026-09-20 17:52:08,917 - gesture set, calculating arm vector
pib_gestures.core - INFO - 2026-09-20 17:52:08,917 - arm vector calculation finished, calculating joint angles
pib_gestures.core - INFO - 2026-09-20 17:52:08,917 - joint angle calculation finished, checking joint angle and distance limits
pib_gestures.core - INFO - 2026-09-20 17:52:08,917 - confirmed arm angles are within limits, adjusting joint rotation directions
pib_gestures.core - INFO - 2026-09-20 17:52:08,917 - adjusting joint rotation directions complete, moving joints
pib_gestures.core - INFO - 2026-09-20 17:52:08,917 - started, calculating center vector
pib_gestures.core - INFO - 2026-09-20 17:52:08,918 - center vector calculation finished, calculating head vector
pib_gestures.core - INFO - 2026-09-20 17:52:08,918 - head vector calculation finished, calculating joint angles
pib_gestures.core - INFO - 2026-09-20 17:52:08,918 - Confirmed head angles are within limits, adjusting joint rotation directions
pib_gestures.core - INFO - 2026-09-20 17:52:08,918 - adjusting joint rotation directions complete, setting up pib
pib_gestures.core - INFO - 2026-09-20 17:52:08,918 - setting up pib complete, moving joints
pib_gestures.core - INFO - 2026-09-20 17:52:11,918 - finished


pib_gestures.core - INFO - 2026-09-20 17:52:11,918 - publishing joint angles
pib_gestures.core - INFO - 2026-09-20 17:52:13,918 - started, calculating center vector
pib_gestures.core - INFO - 2026-09-20 17:52:13,919 - center vector calculation finished, calculating head vector
pib_gestures.core - INFO - 2026-09-20 17:52:13,919 - head vector calculation finished, calculating joint angles
pib_gestures.core - INFO - 2026-09-20 17:52:13,919 - Confirmed head angles are within limits, adjusting joint rotation directions
pib_gestures.core - INFO - 2026-09-20 17:52:13,919 - adjusting joint rotation directions complete, setting up pib
pib_gestures.core - INFO - 2026-09-20 17:52:13,919 - setting up pib complete, moving joints
pib_gestures.core - INFO - 2026-09-20 17:52:16,919 - finished


pib_gestures.core - INFO - 2026-09-20 17:52:16,919 - finished


pib_gestures.core - INFO - 2026-09-20 17:53:25,104 - started, calculating center vector
pib_gestures.core - INFO - 2026-09-20 17:53:25,104 - center vector calculation finished, calculating head vector
pib_gestures.core - INFO - 2026-09-20 17:53:25,104 - head vector calculation finished, calculating joint angles
pib_gestures.core - INFO - 2026-09-20 17:53:25,105 - Confirmed head angles are within limits, adjusting joint rotation directions
pib_gestures.core - INFO - 2026-09-20 17:53:25,105 - adjusting joint rotation directions complete, setting up pib
pib_gestures.core - INFO - 2026-09-20 17:53:25,105 - setting up pib complete, moving joints
pib_gestures.core - INFO - 2026-09-20 17:53:28,105 - finished


pib_gestures.core - INFO - 2026-09-20 17:53:28,113 - started, calculating center vector
pib_gestures.core - INFO - 2026-09-20 17:53:28,114 - center vector calculation finished, running gesture choosing logic
pib_gestures.core - INFO - 2026-09-20 17:53:28,114 - gesture set, calculating arm vector
pib_gestures.core - INFO - 2026-09-20 17:53:28,114 - arm vector calculation finished, calculating joint angles
pib_gestures.core - INFO - 2026-09-20 17:53:28,114 - joint angle calculation finished, checking joint angle and distance limits
pib_gestures.core - INFO - 2026-09-20 17:53:28,115 - confirmed arm angles are within limits, adjusting joint rotation directions
pib_gestures.core - INFO - 2026-09-20 17:53:28,115 - adjusting joint rotation directions complete, moving joints
pib_gestures.core - INFO - 2026-09-20 17:53:28,115 - started, calculating center vector
pib_gestures.core - INFO - 2026-09-20 17:53:28,115 - center vector calculation finished, calculating head vector
pib_gestures.core - INFO - 2026-09-20 17:53:28,115 - head vector calculation finished, calculating joint angles
pib_gestures.core - INFO - 2026-09-20 17:53:28,115 - Confirmed head angles are within limits, adjusting joint rotation directions
pib_gestures.core - INFO - 2026-09-20 17:53:28,115 - adjusting joint rotation directions complete, setting up pib
pib_gestures.core - INFO - 2026-09-20 17:53:28,115 - setting up pib complete, moving joints
pib_gestures.core - INFO - 2026-09-20 17:53:31,116 - finished


pib_gestures.core - INFO - 2026-09-20 17:53:31,116 - publishing joint angles
pib_gestures.core - INFO - 2026-09-20 17:53:34,116 - gesture executed
pib_gestures.core - INFO - 2026-09-20 17:53:34,116 - started, calculating center vector
pib_gestures.core - INFO - 2026-09-20 17:53:34,117 - center vector calculation finished, calculating head vector
pib_gestures.core - INFO - 2026-09-20 17:53:34,117 - head vector calculation finished, calculating joint angles
pib_gestures.core - INFO - 2026-09-20 17:53:34,117 - Confirmed head angles are within limits, adjusting joint rotation directions
pib_gestures.core - INFO - 2026-09-20 17:53:34,117 - adjusting joint rotation directions complete, setting up pib
pib_gestures.core - INFO - 2026-09-20 17:53:34,117 - setting up pib complete, moving joints
pib_gestures.core - INFO - 2026-09-20 17:53:37,117 - finished


pib_gestures.core - INFO - 2026-09-20 17:53:37,117 - finished


pib_gestures.core - INFO - 2026-09-22 00:48:55,680 - started, calculating center vector
pib_gestures.core - INFO - 2026-09-22 00:48:55,682 - center vector calculation finished, calculating head vector
pib_gestures.core - INFO - 2026-09-22 00:48:55,682 - head vector calculation finished, calculating joint angles
pib_gestures.core - INFO - 2026-09-22 00:48:55,682 - Confirmed head angles are within limits, adjusting joint rotation directions
pib_gestures.core - INFO - 2026-09-22 00:48:55,682 - adjusting joint rotation directions complete, setting up pib
pib_gestures.core - INFO - 2026-09-22 00:48:55,682 - setting up pib complete, moving joints
pib_gestures.core - INFO - 2026-09-22 00:48:58,682 - finished


pib_gestures.core - INFO - 2026-09-22 00:48:58,775 - started, calculating center vector
pib_gestures.core - INFO - 2026-09-22 00:48:58,775 - center vector calculation finished, running gesture choosing logic
pib_gestures.core - INFO - 2026-09-22 00:48:58,775 - gesture set, calculating arm vector
pib_gestures.core - INFO - 2026-09-22 00:48:58,776 - arm vector calculation finished, calculating joint angles
pib_gestures.core - INFO - 2026-09-22 00:48:58,776 - joint angle calculation finished, checking joint angle and distance limits
pib_gestures.core - INFO - 2026-09-22 00:48:58,776 - confirmed arm angles are within limits, adjusting joint rotation directions
pib_gestures.core - INFO - 2026-09-22 00:48:58,776 - adjusting joint rotation directions complete, moving joints
pib_gestures.core - INFO - 2026-09-22 00:48:58,776 - started, calculating center vector
pib_gestures.core - INFO - 2026-09-22 00:48:58,776 - center vector calculation finished, calculating head vector
pib_gestures.core - INFO - 2026-09-22 00:48:58,777 - head vector calculation finished, calculating joint angles
pib_gestures.core - INFO - 2026-09-22 00:48:58,777 - Confirmed head angles are within limits, adjusting joint rotation directions
pib_gestures.core - INFO - 2026-09-22 00:48:58,777 - adjusting joint rotation directions complete, setting up pib
pib_gestures.core - INFO - 2026-09-22 00:48:58,777 - setting up pib complete, moving joints
pib_gestures.core - INFO - 2026-09-22 00:49:01,777 - finished


pib_gestures.core - INFO - 2026-09-22 00:49:01,777 - publishing joint angles
pib_gestures.core - INFO - 2026-09-22 00:49:03,777 - started, calculating center vector
pib_gestures.core - INFO - 2026-09-22 00:49:03,778 - center vector calculation finished, calculating head vector
pib_gestures.core - INFO - 2026-09-22 00:49:03,778 - head vector calculation finished, calculating joint angles
pib_gestures.core - INFO - 2026-09-22 00:49:03,778 - Confirmed head angles are within limits, adjusting joint rotation directions
pib_gestures.core - INFO - 2026-09-22 00:49:03,778 - adjusting joint rotation directions complete, setting up pib
pib_gestures.core - INFO - 2026-09-22 00:49:03,778 - setting up pib complete, moving joints
pib_gestures.core - INFO - 2026-09-22 00:49:06,778 - finished


pib_gestures.core - INFO - 2026-09-22 00:49:06,778 - finished


pib_gestures.core - INFO - 2026-09-22 00:50:21,475 - started, calculating center vector
pib_gestures.core - INFO - 2026-09-22 00:50:21,475 - center vector calculation finished, calculating head vector
pib_gestures.core - INFO - 2026-09-22 00:50:21,475 - head vector calculation finished, calculating joint angles
pib_gestures.core - INFO - 2026-09-22 00:50:21,476 - Confirmed head angles are within limits, adjusting joint rotation directions
pib_gestures.core - INFO - 2026-09-22 00:50:21,476 - adjusting joint rotation directions complete, setting up pib
pib_gestures.core - INFO - 2026-09-22 00:50:21,476 - setting up pib complete, moving joints
pib_gestures.core - INFO - 2026-09-22 00:50:24,476 - finished


pib_gestures.core - INFO - 2026-09-22 00:50:24,482 - started, calculating center vector
pib_gestures.core - INFO - 2026-09-22 00:50:24,483 - center vector calculation finished, running gesture choosing logic
pib_gestures.core - INFO - 2026-09-22 00:50:24,483 - gesture set, calculating arm vector
pib_gestures.core - INFO - 2026-09-22 00:50:24,483 - arm vector calculation finished, calculating joint angles
pib_gestures.core - INFO - 2026-09-22 00:50:24,483 - joint angle calculation finished, checking joint angle and distance limits
pib_gestures.core - INFO - 2026-09-22 00:50:24,483 - confirmed arm angles are within limits, adjusting joint rotation directions
pib_gestures.core - INFO - 2026-09-22 00:50:24,483 - adjusting joint rotation directions complete, moving joints
pib_gestures.core - INFO - 2026-09-22 00:50:24,483 - started, calculating center vector
pib_gestures.core - INFO - 2026-09-22 00:50:24,483 - center vector calculation finished, calculating head vector
pib_gestures.core - INFO - 2026-09-22 00:50:24,484 - head vector calculation finished, calculating joint angles
pib_gestures.core - INFO - 2026-09-22 00:50:24,484 - Confirmed head angles are within limits, adjusting joint rotation directions
pib_gestures.core - INFO - 2026-09-22 00:50:24,484 - adjusting joint rotation directions complete, setting up pib
pib_gestures.core - INFO - 2026-09-22 00:50:24,484 - setting up pib complete, moving joints
pib_gestures.core - INFO - 2026-09-22 00:50:27,484 - finished


pib_gestures.core - INFO - 2026-09-22 00:50:27,484 - publishing joint angles
pib_gestures.core - INFO - 2026-09-22 00:50:30,485 - gesture executed
pib_gestures.core - INFO - 2026-09-22 00:50:30,485 - started, calculating center vector
pib_gestures.core - INFO - 2026-09-22 00:50:30,485 - center vector calculation finished, calculating head vector
pib_gestures.core - INFO - 2026-09-22 00:50:30,486 - head vector calculation finished, calculating joint angles
pib_gestures.core - INFO - 2026-09-22 00:50:30,486 - Confirmed head angles are within limits, adjusting joint rotation directions
pib_gestures.core - INFO - 2026-09-22 00:50:30,486 - adjusting joint rotation directions complete, setting up pib
pib_gestures.core - INFO - 2026-09-22 00:50:30,486 - setting up pib complete, moving joints
pib_gestures.core - INFO - 2026-09-22 00:50:33,486 - finished


pib_gestures.core - INFO - 2026-09-22 00:50:33,486 - finished


pib_gestures.core - INFO - 2026-09-22 00:59:56,568 - started, calculating center vector
pib_gestures.core - INFO - 2026-09-22 00:59:56,569 - center vector calculation finished, calculating head vector
pib_gestures.core - INFO - 2026-09-22 00:59:56,569 - head vector calculation finished, calculating joint angles
pib_gestures.core - INFO - 2026-09-22 00:59:56,569 - Confirmed head angles are within limits, adjusting joint rotation directions
pib_gestures.core - INFO - 2026-09-22 00:59:56,569 - adjusting joint rotation directions complete, setting up pib
pib_gestures.core - INFO - 2026-09-22 00:59:56,569 - setting up pib complete, moving joints
pib_gestures.core - INFO - 2026-09-22 00:59:59,569 - finished


pib_gestures.core - INFO - 2026-09-22 00:59:59,658 - started, calculating center vector
pib_gestures.core - INFO - 2026-09-22 00:59:59,659 - center vector calculation finished, running gesture choosing logic
pib_gestures.core - INFO - 2026-09-22 00:59:59,659 - gesture set, calculating arm vector
pib_gestures.core - INFO - 2026-09-22 00:59:59,659 - arm vector calculation finished, calculating joint angles
pib_gestures.core - INFO - 2026-09-22 00:59:59,659 - joint angle calculation finished, checking joint angle and distance limits
pib_gestures.core - INFO - 2026-09-22 00:59:59,659 - confirmed arm angles are within limits, adjusting joint rotation directions
pib_gestures.core - INFO - 2026-09-22 00:59:59,659 - adjusting joint rotation directions complete, moving joints
pib_gestures.core - INFO - 2026-09-22 00:59:59,659 - started, calculating center vector
pib_gestures.core - INFO - 2026-09-22 00:59:59,659 - center vector calculation finished, calculating head vector
pib_gestures.core - INFO - 2026-09-22 00:59:59,659 - head vector calculation finished, calculating joint angles
pib_gestures.core - INFO - 2026-09-22 00:59:59,660 - Confirmed head angles are within limits, adjusting joint rotation directions
pib_gestures.core - INFO - 2026-09-22 00:59:59,660 - adjusting joint rotation directions complete, setting up pib
pib_gestures.core - INFO - 2026-09-22 00:59:59,660 - setting up pib complete, moving joints
pib_gestures.core - INFO - 2026-09-22 01:00:02,660 - finished


pib_gestures.core - INFO - 2026-09-22 01:00:02,660 - publishing joint angles
pib_gestures.core - INFO - 2026-09-22 01:00:04,660 - started, calculating center vector
pib_gestures.core - INFO - 2026-09-22 01:00:04,660 - center vector calculation finished, calculating head vector
pib_gestures.core - INFO - 2026-09-22 01:00:04,660 - head vector calculation finished, calculating joint angles
pib_gestures.core - INFO - 2026-09-22 01:00:04,661 - Confirmed head angles are within limits, adjusting joint rotation directions
pib_gestures.core - INFO - 2026-09-22 01:00:04,661 - adjusting joint rotation directions complete, setting up pib
pib_gestures.core - INFO - 2026-09-22 01:00:04,661 - setting up pib complete, moving joints
pib_gestures.core - INFO - 2026-09-22 01:00:07,661 - finished


pib_gestures.core - INFO - 2026-09-22 01:00:07,661 - finished


pib_gestures.core - INFO - 2026-09-22 01:01:22,346 - started, calculating center vector
pib_gestures.core - INFO - 2026-09-22 01:01:22,346 - center vector calculation finished, calculating head vector
pib_gestures.core - INFO - 2026-09-22 01:01:22,346 - head vector calculation finished, calculating joint angles
pib_gestures.core - INFO - 2026-09-22 01:01:22,346 - Confirmed head angles are within limits, adjusting joint rotation directions
pib_gestures.core - INFO - 2026-09-22 01:01:22,347 - adjusting joint rotation directions complete, setting up pib
pib_gestures.core - INFO - 2026-09-22 01:01:22,347 - setting up pib complete, moving joints
pib_gestures.core - INFO - 2026-09-22 01:01:25,347 - finished


pib_gestures.core - INFO - 2026-09-22 01:01:25,353 - started, calculating center vector
pib_gestures.core - INFO - 2026-09-22 01:01:25,354 - center vector calculation finished, running gesture choosing logic
pib_gestures.core - INFO - 2026-09-22 01:01:25,354 - gesture set, calculating arm vector
pib_gestures.core - INFO - 2026-09-22 01:01:25,354 - arm vector calculation finished, calculating joint angles
pib_gestures.core - INFO - 2026-09-22 01:01:25,354 - joint angle calculation finished, checking joint angle and distance limits
pib_gestures.core - INFO - 2026-09-22 01:01:25,354 - confirmed arm angles are within limits, adjusting joint rotation directions
pib_gestures.core - INFO - 2026-09-22 01:01:25,355 - adjusting joint rotation directions complete, moving joints
pib_gestures.core - INFO - 2026-09-22 01:01:25,355 - started, calculating center vector
pib_gestures.core - INFO - 2026-09-22 01:01:25,355 - center vector calculation finished, calculating head vector
pib_gestures.core - INFO - 2026-09-22 01:01:25,355 - head vector calculation finished, calculating joint angles
pib_gestures.core - INFO - 2026-09-22 01:01:25,355 - Confirmed head angles are within limits, adjusting joint rotation directions
pib_gestures.core - INFO - 2026-09-22 01:01:25,355 - adjusting joint rotation directions complete, setting up pib
pib_gestures.core - INFO - 2026-09-22 01:01:25,355 - setting up pib complete, moving joints
pib_gestures.core - INFO - 2026-09-22 01:01:28,355 - finished


pib_gestures.core - INFO - 2026-09-22 01:01:28,355 - publishing joint angles
pib_gestures.core - INFO - 2026-09-22 01:01:31,357 - gesture executed
pib_gestures.core - INFO - 2026-09-22 01:01:31,357 - started, calculating center vector
pib_gestures.core - INFO - 2026-09-22 01:01:31,357 - center vector calculation finished, calculating head vector
pib_gestures.core - INFO - 2026-09-22 01:01:31,357 - head vector calculation finished, calculating joint angles
pib_gestures.core - INFO - 2026-09-22 01:01:31,358 - Confirmed head angles are within limits, adjusting joint rotation directions
pib_gestures.core - INFO - 2026-09-22 01:01:31,358 - adjusting joint rotation directions complete, setting up pib
pib_gestures.core - INFO - 2026-09-22 01:01:31,358 - setting up pib complete, moving joints
pib_gestures.core - INFO - 2026-09-22 01:01:34,358 - finished


pib_gestures.core - INFO - 2026-09-22 01:01:34,358 - finished


pib_gestures.core - INFO - 2026-09-22 01:07:41,620 - started, calculating center vector
pib_gestures.core - INFO - 2026-09-22 01:07:41,620 - center vector calculation finished, calculating head vector
pib_gestures.core - INFO - 2026-09-22 01:07:41,620 - head vector calculation finished, calculating joint angles
pib_gestures.core - INFO - 2026-09-22 01:07:41,621 - Confirmed head angles are within limits, adjusting joint rotation directions
pib_gestures.core - INFO - 2026-09-22 01:07:41,621 - adjusting joint rotation directions complete, setting up pib
pib_gestures.core - INFO - 2026-09-22 01:07:41,621 - setting up pib complete, moving joints
pib_gestures.core - INFO - 2026-09-22 01:07:44,621 - finished


pib_gestures.core - INFO - 2026-09-22 01:07:44,708 - started, calculating center vector
pib_gestures.core - INFO - 2026-09-22 01:07:44,708 - center vector calculation finished, running gesture choosing logic
pib_gestures.core - INFO - 2026-09-22 01:07:44,708 - gesture set, calculating arm vector
pib_gestures.core - INFO - 2026-09-22 01:07:44,709 - arm vector calculation finished, calculating joint angles
pib_gestures.core - INFO - 2026-09-22 01:07:44,709 - joint angle calculation finished, checking joint angle and distance limits
pib_gestures.core - INFO - 2026-09-22 01:07:44,709 - confirmed arm angles are within limits, adjusting joint rotation directions
pib_gestures.core - INFO - 2026-09-22 01:07:44,709 - adjusting joint rotation directions complete, moving joints
pib_gestures.core - INFO - 2026-09-22 01:07:44,709 - started, calculating center vector
pib_gestures.core - INFO - 2026-09-22 01:07:44,710 - center vector calculation finished, calculating head vector
pib_gestures.core - INFO - 2026-09-22 01:07:44,710 - head vector calculation finished, calculating joint angles
pib_gestures.core - INFO - 2026-09-22 01:07:44,710 - Confirmed head angles are within limits, adjusting joint rotation directions
pib_gestures.core - INFO - 2026-09-22 01:07:44,710 - adjusting joint rotation directions complete, setting up pib
pib_gestures.core - INFO - 2026-09-22 01:07:44,710 - setting up pib complete, moving joints
pib_gestures.core - INFO - 2026-09-22 01:07:47,710 - finished


pib_gestures.core - INFO - 2026-09-22 01:07:47,710 - publishing joint angles
pib_gestures.core - INFO - 2026-09-22 01:07:49,710 - started, calculating center vector
pib_gestures.core - INFO - 2026-09-22 01:07:49,711 - center vector calculation finished, calculating head vector
pib_gestures.core - INFO - 2026-09-22 01:07:49,711 - head vector calculation finished, calculating joint angles
pib_gestures.core - INFO - 2026-09-22 01:07:49,711 - Confirmed head angles are within limits, adjusting joint rotation directions
pib_gestures.core - INFO - 2026-09-22 01:07:49,711 - adjusting joint rotation directions complete, setting up pib
pib_gestures.core - INFO - 2026-09-22 01:07:49,711 - setting up pib complete, moving joints
pib_gestures.core - INFO - 2026-09-22 01:07:52,711 - finished


pib_gestures.core - INFO - 2026-09-22 01:07:52,711 - finished


pib_gestures.core - INFO - 2026-09-22 01:10:44,394 - started, calculating center vector
pib_gestures.core - INFO - 2026-09-22 01:10:44,394 - center vector calculation finished, calculating head vector
pib_gestures.core - INFO - 2026-09-22 01:10:44,395 - head vector calculation finished, calculating joint angles
pib_gestures.core - INFO - 2026-09-22 01:10:44,395 - Confirmed head angles are within limits, adjusting joint rotation directions
pib_gestures.core - INFO - 2026-09-22 01:10:44,395 - adjusting joint rotation directions complete, setting up pib
pib_gestures.core - INFO - 2026-09-22 01:10:44,395 - setting up pib complete, moving joints
pib_gestures.core - INFO - 2026-09-22 01:10:47,395 - finished


pib_gestures.core - INFO - 2026-09-22 01:10:47,400 - started, calculating center vector
pib_gestures.core - INFO - 2026-09-22 01:10:47,401 - center vector calculation finished, running gesture choosing logic
pib_gestures.core - INFO - 2026-09-22 01:10:47,401 - gesture set, calculating arm vector
pib_gestures.core - INFO - 2026-09-22 01:10:47,401 - arm vector calculation finished, calculating joint angles
pib_gestures.core - INFO - 2026-09-22 01:10:47,401 - joint angle calculation finished, checking joint angle and distance limits
pib_gestures.core - INFO - 2026-09-22 01:10:47,401 - confirmed arm angles are within limits, adjusting joint rotation directions
pib_gestures.core - INFO - 2026-09-22 01:10:47,401 - adjusting joint rotation directions complete, moving joints
pib_gestures.core - INFO - 2026-09-22 01:10:47,401 - started, calculating center vector
pib_gestures.core - INFO - 2026-09-22 01:10:47,401 - center vector calculation finished, calculating head vector
pib_gestures.core - INFO - 2026-09-22 01:10:47,401 - head vector calculation finished, calculating joint angles
pib_gestures.core - INFO - 2026-09-22 01:10:47,401 - Confirmed head angles are within limits, adjusting joint rotation directions
pib_gestures.core - INFO - 2026-09-22 01:10:47,401 - adjusting joint rotation directions complete, setting up pib
pib_gestures.core - INFO - 2026-09-22 01:10:47,401 - setting up pib complete, moving joints
pib_gestures.core - INFO - 2026-09-22 01:10:50,402 - finished


pib_gestures.core - INFO - 2026-09-22 01:10:50,402 - publishing joint angles
pib_gestures.core - INFO - 2026-09-22 01:10:53,402 - gesture executed
pib_gestures.core - INFO - 2026-09-22 01:10:53,402 - started, calculating center vector
pib_gestures.core - INFO - 2026-09-22 01:10:53,403 - center vector calculation finished, calculating head vector
pib_gestures.core - INFO - 2026-09-22 01:10:53,403 - head vector calculation finished, calculating joint angles
pib_gestures.core - INFO - 2026-09-22 01:10:53,403 - Confirmed head angles are within limits, adjusting joint rotation directions
pib_gestures.core - INFO - 2026-09-22 01:10:53,403 - adjusting joint rotation directions complete, setting up pib
pib_gestures.core - INFO - 2026-09-22 01:10:53,403 - setting up pib complete, moving joints
pib_gestures.core - INFO - 2026-09-22 01:10:56,403 - finished


pib_gestures.core - INFO - 2026-09-22 01:10:56,403 - finished


pib_gestures.core - INFO - 2026-09-22 01:16:49,345 - started, calculating center vector
pib_gestures.core - INFO - 2026-09-22 01:16:49,345 - center vector calculation finished, calculating head vector
pib_gestures.core - INFO - 2026-09-22 01:16:49,345 - head vector calculation finished, calculating joint angles
pib_gestures.core - INFO - 2026-09-22 01:16:49,346 - Confirmed head angles are within limits, adjusting joint rotation directions
pib_gestures.core - INFO - 2026-09-22 01:16:49,346 - adjusting joint rotation directions complete, setting up pib
pib_gestures.core - INFO - 2026-09-22 01:16:49,346 - setting up pib complete, moving joints
pib_gestures.core - INFO - 2026-09-22 01:16:52,346 - finished


pib_gestures.core - INFO - 2026-09-22 01:16:52,352 - started, calculating center vector
pib_gestures.core - INFO - 2026-09-22 01:16:52,352 - center vector calculation finished, running gesture choosing logic
pib_gestures.core - INFO - 2026-09-22 01:16:52,352 - gesture set, calculating arm vector
pib_gestures.core - INFO - 2026-09-22 01:16:52,352 - arm vector calculation finished, calculating joint angles
pib_gestures.core - INFO - 2026-09-22 01:16:52,353 - joint angle calculation finished, checking joint angle and distance limits
pib_gestures.core - INFO - 2026-09-22 01:16:52,353 - confirmed arm angles are within limits, adjusting joint rotation directions
pib_gestures.core - INFO - 2026-09-22 01:16:52,353 - adjusting joint rotation directions complete, moving joints
pib_gestures.core - INFO - 2026-09-22 01:16:52,353 - started, calculating center vector
pib_gestures.core - INFO - 2026-09-22 01:16:52,353 - center vector calculation finished, calculating head vector
pib_gestures.core - INFO - 2026-09-22 01:16:52,353 - head vector calculation finished, calculating joint angles
pib_gestures.core - INFO - 2026-09-22 01:16:52,353 - Confirmed head angles are within limits, adjusting joint rotation directions
pib_gestures.core - INFO - 2026-09-22 01:16:52,353 - adjusting joint rotation directions complete, setting up pib
pib_gestures.core - INFO - 2026-09-22 01:16:52,353 - setting up pib complete, moving joints
pib_gestures.core - INFO - 2026-09-22 01:16:55,354 - finished


pib_gestures.core - INFO - 2026-09-22 01:16:55,354 - publishing joint angles
pib_gestures.core - INFO - 2026-09-22 01:16:57,354 - started, calculating center vector
pib_gestures.core - INFO - 2026-09-22 01:16:57,354 - center vector calculation finished, calculating head vector
pib_gestures.core - INFO - 2026-09-22 01:16:57,354 - head vector calculation finished, calculating joint angles
pib_gestures.core - INFO - 2026-09-22 01:16:57,355 - Confirmed head angles are within limits, adjusting joint rotation directions
pib_gestures.core - INFO - 2026-09-22 01:16:57,355 - adjusting joint rotation directions complete, setting up pib
pib_gestures.core - INFO - 2026-09-22 01:16:57,355 - setting up pib complete, moving joints
pib_gestures.core - INFO - 2026-09-22 01:17:00,355 - finished


pib_gestures.core - INFO - 2026-09-22 01:17:00,355 - finished


pib_gestures.core - INFO - 2026-09-22 01:20:01,358 - started, calculating center vector
pib_gestures.core - INFO - 2026-09-22 01:20:01,358 - center vector calculation finished, calculating head vector
pib_gestures.core - INFO - 2026-09-22 01:20:01,359 - head vector calculation finished, calculating joint angles
pib_gestures.core - INFO - 2026-09-22 01:20:01,359 - Confirmed head angles are within limits, adjusting joint rotation directions
pib_gestures.core - INFO - 2026-09-22 01:20:01,359 - adjusting joint rotation directions complete, setting up pib
pib_gestures.core - INFO - 2026-09-22 01:20:01,359 - setting up pib complete, moving joints
pib_gestures.core - INFO - 2026-09-22 01:20:04,359 - finished


pib_gestures.core - INFO - 2026-09-22 01:20:04,370 - started, calculating center vector
pib_gestures.core - INFO - 2026-09-22 01:20:04,370 - center vector calculation finished, running gesture choosing logic
pib_gestures.core - INFO - 2026-09-22 01:20:04,370 - gesture set, calculating arm vector
pib_gestures.core - INFO - 2026-09-22 01:20:04,370 - arm vector calculation finished, calculating joint angles
pib_gestures.core - INFO - 2026-09-22 01:20:04,370 - joint angle calculation finished, checking joint angle and distance limits
pib_gestures.core - INFO - 2026-09-22 01:20:04,370 - confirmed arm angles are within limits, adjusting joint rotation directions
pib_gestures.core - INFO - 2026-09-22 01:20:04,371 - adjusting joint rotation directions complete, moving joints
pib_gestures.core - INFO - 2026-09-22 01:20:04,371 - started, calculating center vector
pib_gestures.core - INFO - 2026-09-22 01:20:04,371 - center vector calculation finished, calculating head vector
pib_gestures.core - INFO - 2026-09-22 01:20:04,371 - head vector calculation finished, calculating joint angles
pib_gestures.core - INFO - 2026-09-22 01:20:04,371 - Confirmed head angles are within limits, adjusting joint rotation directions
pib_gestures.core - INFO - 2026-09-22 01:20:04,371 - adjusting joint rotation directions complete, setting up pib
pib_gestures.core - INFO - 2026-09-22 01:20:04,371 - setting up pib complete, moving joints
pib_gestures.core - INFO - 2026-09-22 01:20:07,372 - finished


pib_gestures.core - INFO - 2026-09-22 01:20:07,372 - publishing joint angles
pib_gestures.core - INFO - 2026-09-22 01:20:10,374 - gesture executed
pib_gestures.core - INFO - 2026-09-22 01:20:10,374 - started, calculating center vector
pib_gestures.core - INFO - 2026-09-22 01:20:10,375 - center vector calculation finished, calculating head vector
pib_gestures.core - INFO - 2026-09-22 01:20:10,375 - head vector calculation finished, calculating joint angles
pib_gestures.core - INFO - 2026-09-22 01:20:10,375 - Confirmed head angles are within limits, adjusting joint rotation directions
pib_gestures.core - INFO - 2026-09-22 01:20:10,375 - adjusting joint rotation directions complete, setting up pib
pib_gestures.core - INFO - 2026-09-22 01:20:10,375 - setting up pib complete, moving joints
pib_gestures.core - INFO - 2026-09-22 01:20:13,375 - finished


pib_gestures.core - INFO - 2026-09-22 01:20:13,375 - finished


pib_gestures.core - INFO - 2026-09-22 01:29:28,160 - started, calculating center vector
pib_gestures.core - INFO - 2026-09-22 01:29:28,161 - center vector calculation finished, calculating head vector
pib_gestures.core - INFO - 2026-09-22 01:29:28,161 - head vector calculation finished, calculating joint angles
pib_gestures.core - INFO - 2026-09-22 01:29:28,161 - Confirmed head angles are within limits, adjusting joint rotation directions
pib_gestures.core - INFO - 2026-09-22 01:29:28,161 - adjusting joint rotation directions complete, setting up pib
pib_gestures.core - INFO - 2026-09-22 01:29:28,161 - setting up pib complete, moving joints
pib_gestures.core - INFO - 2026-09-22 01:29:31,161 - finished


pib_gestures.core - INFO - 2026-09-22 01:30:36,960 - started, calculating center vector
pib_gestures.core - INFO - 2026-09-22 01:30:36,961 - center vector calculation finished, calculating head vector
pib_gestures.core - INFO - 2026-09-22 01:30:36,961 - head vector calculation finished, calculating joint angles
pib_gestures.core - INFO - 2026-09-22 01:30:36,961 - Confirmed head angles are within limits, adjusting joint rotation directions
pib_gestures.core - INFO - 2026-09-22 01:30:36,961 - adjusting joint rotation directions complete, setting up pib
pib_gestures.core - INFO - 2026-09-22 01:30:36,961 - setting up pib complete, moving joints
pib_gestures.core - INFO - 2026-09-22 01:30:39,961 - finished


